width,height,out_width,out_height,engine,mode,round,frame,input,upload_ms,record_ms,submit_ms,wait_ms,query_ms,retire_ms,read_ms,total_ms,device_ms
1280,720,2560,1440,native,resident,0,10,0,3e-05,0.0547,0.015869,0.895062,0.01393,4e-05,2e-05,0.979651,0.77128
1280,720,2560,1440,native,resident,0,11,1,3e-05,0.061309,0.01597,0.825542,0.01252,3e-05,3e-05,0.915431,0.76004
1280,720,2560,1440,native,resident,0,12,0,3e-05,0.055209,0.01478,0.818912,0.01247,3e-05,3e-05,0.901461,0.75676
1280,720,2560,1440,native,resident,0,13,1,2e-05,0.054139,0.01556,0.853242,0.01318,5e-05,2e-05,0.936211,0.74248
1280,720,2560,1440,native,resident,0,14,0,3e-05,0.057409,0.01541,0.809442,0.01329,4e-05,2e-05,0.895641,0.74236
1280,720,2560,1440,native,resident,0,15,1,3e-05,0.05655,0.01592,0.847291,0.017,8e-05,3e-05,0.936901,0.74328
1280,720,2560,1440,native,resident,0,16,0,3e-05,0.05699,0.014769,0.817703,0.01563,5e-05,4e-05,0.905212,0.74296
1280,720,2560,1440,native,resident,0,17,1,3e-05,0.070469,0.01926,0.822432,0.01278,5e-05,2e-05,0.925041,0.74332
1280,720,2560,1440,native,resident,0,18,0,3e-05,0.055409,0.01421,0.811922,0.01515,5e-05,3e-05,0.896801,0.74236
1280,720,2560,1440,native,resident,0,19,1,3e-05,0.063849,0.0181,0.829842,0.01337,5e-05,3e-05,0.925271,0.74072
1280,720,2560,1440,native,resident,0,20,0,2e-05,0.057219,0.01553,0.805582,0.01248,4e-05,2e-05,0.890891,0.74308
1280,720,2560,1440,native,resident,0,21,1,2e-05,0.05496,0.01498,0.849221,0.01459,4e-05,3e-05,0.933841,0.74412
1280,720,2560,1440,native,resident,0,22,0,3e-05,0.06464,0.017359,0.810703,0.01467,6e-05,3e-05,0.907492,0.74048
1280,720,2560,1440,native,resident,0,23,1,3e-05,0.064879,0.01745,0.810552,0.01494,4e-05,3e-05,0.907921,0.74148
1280,720,2560,1440,native,resident,0,24,0,4e-05,0.063629,0.0172,0.806612,0.01214,4e-05,3e-05,0.899691,0.7438
1280,720,2560,1440,native,resident,0,25,1,3e-05,0.05571,0.015049,0.809412,0.01408,4e-05,2e-05,0.894341,0.74284
1280,720,2560,1440,native,resident,0,26,0,2e-05,0.05569,0.01594,0.844662,0.01268,4e-05,3e-05,0.929062,0.74152
1280,720,2560,1440,native,resident,0,27,1,3e-05,0.055049,0.01418,0.809902,0.01486,5e-05,3e-05,0.894101,0.74224
1280,720,2560,1440,native,resident,0,28,0,3e-05,0.083089,0.01884,0.808852,0.01488,5e-05,3e-05,0.925771,0.7418
1280,720,2560,1440,native,resident,0,29,1,3e-05,0.066489,0.01794,0.811012,0.01476,5e-05,3e-05,0.910311,0.743
1280,720,2560,1440,native,resident,0,30,0,3e-05,0.063929,0.01783,0.803432,0.01223,4e-05,2e-05,0.897511,0.7404
1280,720,2560,1440,native,resident,0,31,1,3e-05,0.0551,0.015,0.807272,0.01242,5e-05,2e-05,0.889892,0.7422
1280,720,2560,1440,native,resident,0,32,0,3e-05,0.056029,0.0162,0.846412,0.01288,4e-05,2e-05,0.931611,0.74328
1280,720,2560,1440,native,resident,0,33,1,2e-05,0.064659,0.01768,0.811322,0.01535,5e-05,3e-05,0.909111,0.74348
1280,720,2560,1440,native,resident,0,34,0,3e-05,0.064109,0.01762,0.811692,0.01489,5e-05,3e-05,0.908421,0.743
1280,720,2560,1440,native,resident,0,35,1,4e-05,0.06363,0.017519,0.811033,0.015229,5e-05,3e-05,0.907531,0.74204
1280,720,2560,1440,native,resident,0,36,0,3e-05,0.06684,0.0181,0.805772,0.01263,4e-05,3e-05,0.903442,0.7424
1280,720,2560,1440,native,resident,0,37,1,2e-05,0.055909,0.01485,0.817732,0.01686,7e-05,2e-05,0.905461,0.74248
1280,720,2560,1440,native,resident,0,38,0,3e-05,0.059579,0.01601,0.843352,0.01317,5e-05,2e-05,0.932211,0.74304
1280,720,2560,1440,native,resident,0,39,1,3e-05,0.06428,0.015579,0.804722,0.01235,3e-05,3e-05,0.897021,0.74288
1280,720,2560,1440,ogpu,resident,0,10,0,3e-05,0.00513,0.111668,0.838863,0.023889,0.00021,2e-05,0.97981,0.76972
1280,720,2560,1440,ogpu,resident,0,11,1,2e-05,0.00363,0.087549,0.830552,0.02256,0.00017,3e-05,0.944511,0.75724
1280,720,2560,1440,ogpu,resident,0,12,0,2e-05,0.00166,0.086969,0.829022,0.02204,0.00023,8e-05,0.940021,0.74536
1280,720,2560,1440,ogpu,resident,0,13,1,3e-05,0.00418,0.092579,0.815822,0.02214,0.00019,2e-05,0.934961,0.74404
1280,720,2560,1440,ogpu,resident,0,14,0,3e-05,0.00161,0.087569,0.823822,0.02378,0.00022,3e-05,0.937061,0.74388
1280,720,2560,1440,ogpu,resident,0,15,1,3e-05,0.00187,0.089009,0.811862,0.02469,0.00018,2e-05,0.927661,0.74316
1280,720,2560,1440,ogpu,resident,0,16,0,3e-05,0.00161,0.086389,0.812422,0.01955,0.00018,3e-05,0.920211,0.74304
1280,720,2560,1440,ogpu,resident,0,17,1,3e-05,0.0035,0.085809,0.813713,0.021819,0.0002,3e-05,0.925101,0.74616
1280,720,2560,1440,ogpu,resident,0,18,0,3e-05,0.00151,0.088509,0.843142,0.02741,0.00028,8e-05,0.960961,0.75116
1280,720,2560,1440,ogpu,resident,0,19,1,3e-05,0.00903,0.089429,0.813652,0.02566,0.0002,3e-05,0.938031,0.74524
1280,720,2560,1440,ogpu,resident,0,20,0,3e-05,0.00159,0.086629,0.814632,0.02019,0.00019,2e-05,0.923281,0.7434
1280,720,2560,1440,ogpu,resident,0,21,1,2e-05,0.00346,0.085859,0.819522,0.0213,0.00025,8e-05,0.930491,0.74288
1280,720,2560,1440,ogpu,resident,0,22,0,2e-05,0.00181,0.088009,0.819112,0.01789,0.00017,3e-05,0.927041,0.74128
1280,720,2560,1440,ogpu,resident,0,23,1,2e-05,0.00429,0.088409,0.813882,0.02179,0.00021,3e-05,0.928631,0.74268
1280,720,2560,1440,ogpu,resident,0,24,0,3e-05,0.00153,0.094179,0.813142,0.02171,0.00019,3e-05,0.930811,0.74072
1280,720,2560,1440,ogpu,resident,0,25,1,3e-05,0.00151,0.091799,0.816592,0.02263,0.00021,3e-05,0.932801,0.74436
1280,720,2560,1440,ogpu,resident,0,26,0,2e-05,0.00166,0.085619,0.835742,0.02448,0.00034,4e-05,0.947901,0.7416
1280,720,2560,1440,ogpu,resident,0,27,1,3e-05,0.00256,0.123078,0.811053,0.01402,0.0002,2e-05,0.950961,0.7444
1280,720,2560,1440,ogpu,resident,0,28,0,3e-05,0.00186,0.076639,0.840282,0.016249,0.00021,3e-05,0.9353,0.74292
1280,720,2560,1440,ogpu,resident,0,29,1,3e-05,0.00193,0.08767,0.809592,0.01377,0.00018,3e-05,0.913202,0.74344
1280,720,2560,1440,ogpu,resident,0,30,0,3e-05,0.00146,0.074679,0.808342,0.0143,0.00018,3e-05,0.899021,0.74412
1280,720,2560,1440,ogpu,resident,0,31,1,3e-05,0.0016,0.083209,0.835602,0.01549,0.00018,3e-05,0.936141,0.7432
1280,720,2560,1440,ogpu,resident,0,32,0,3e-05,0.00184,0.084259,0.820042,0.01694,0.00024,7e-05,0.923421,0.74296
1280,720,2560,1440,ogpu,resident,0,33,1,3e-05,0.00215,0.090339,0.807292,0.01353,0.00018,3e-05,0.913551,0.74212
1280,720,2560,1440,ogpu,resident,0,34,0,3e-05,0.00159,0.07415,0.804102,0.013,0.00015,3e-05,0.893052,0.74104
1280,720,2560,1440,ogpu,resident,0,35,1,2e-05,0.00153,0.071369,0.807282,0.01322,0.00018,2e-05,0.893621,0.74196
1280,720,2560,1440,ogpu,resident,0,36,0,2e-05,0.00147,0.073299,0.812122,0.01558,0.00019,3e-05,0.902711,0.7436
1280,720,2560,1440,ogpu,resident,0,37,1,3e-05,0.00177,0.089659,0.820032,0.01321,0.00017,3e-05,0.924901,0.74292
1280,720,2560,1440,ogpu,resident,0,38,0,3e-05,0.00151,0.07259,0.814972,0.016829,0.00026,3e-05,0.906221,0.7426
1280,720,2560,1440,ogpu,resident,0,39,1,4e-05,0.00196,0.08677,0.822482,0.01293,0.00019,3e-05,0.924402,0.74584
1280,720,2560,1440,ogpu,end-to-end,0,10,0,0.143689,0.00268,0.095599,3.602215,0.01845,0.00028,0.725653,4.588566,3.50956
1280,720,2560,1440,ogpu,end-to-end,0,11,1,0.129519,0.00249,0.097769,3.588355,0.01767,0.00025,0.725683,4.561736,3.50436
1280,720,2560,1440,ogpu,end-to-end,0,12,0,0.150558,0.00264,0.105079,3.572376,0.015119,0.00023,0.727913,4.573915,3.49804
1280,720,2560,1440,ogpu,end-to-end,0,13,1,0.135139,0.0024,0.093989,3.579426,0.014889,0.0003,0.765043,4.591186,3.4958
1280,720,2560,1440,ogpu,end-to-end,0,14,0,0.158139,0.00267,0.095649,3.586045,0.04022,0.00032,0.757272,4.640315,3.49772
1280,720,2560,1440,ogpu,end-to-end,0,15,1,0.152219,0.00238,0.093939,3.627025,0.01607,0.00024,0.766832,4.658705,3.49664
1280,720,2560,1440,ogpu,end-to-end,0,16,0,0.150149,0.00208,0.091059,3.582305,0.01672,0.00029,0.765333,4.607936,3.50496
1280,720,2560,1440,ogpu,end-to-end,0,17,1,0.140518,0.00242,0.105659,3.586426,0.017129,0.00027,0.790103,4.642525,3.498
1280,720,2560,1440,ogpu,end-to-end,0,18,0,0.170468,0.00235,0.107189,3.580765,0.01727,0.00026,0.747093,4.625395,3.49644
1280,720,2560,1440,ogpu,end-to-end,0,19,1,0.141159,0.00222,0.090939,3.573595,0.01458,0.00023,0.725843,4.548566,3.5008
1280,720,2560,1440,ogpu,end-to-end,0,20,0,0.150159,0.00252,0.106079,3.576785,0.01546,0.0002,0.719783,4.570986,3.4984
1280,720,2560,1440,ogpu,end-to-end,0,21,1,0.135619,0.00273,0.112909,3.596625,0.022449,0.00254,0.753123,4.625995,3.50088
1280,720,2560,1440,ogpu,end-to-end,0,22,0,0.153309,0.0033,0.128508,3.576436,0.02295,0.00025,0.725343,4.610096,3.49564
1280,720,2560,1440,ogpu,end-to-end,0,23,1,0.133119,0.002289,0.108579,3.574746,0.024849,0.00026,0.741693,4.585535,3.49544
1280,720,2560,1440,ogpu,end-to-end,0,24,0,0.151259,0.00227,0.098999,3.586935,0.01987,0.0003,0.731753,4.591386,3.50232
1280,720,2560,1440,ogpu,end-to-end,0,25,1,0.140119,0.00279,0.122039,3.591165,0.020919,0.00039,0.767433,4.644855,3.49696
1280,720,2560,1440,ogpu,end-to-end,0,26,0,0.147359,0.00289,0.106829,3.595255,0.02702,0.00044,0.743013,4.622806,3.50016
1280,720,2560,1440,ogpu,end-to-end,0,27,1,0.147018,0.00289,0.116019,3.592865,0.02975,0.00034,0.707573,4.596455,3.50448
1280,720,2560,1440,ogpu,end-to-end,0,28,0,0.152309,0.00244,0.100439,3.579455,0.02586,0.00025,0.756612,4.617365,3.4994
1280,720,2560,1440,ogpu,end-to-end,0,29,1,0.134319,0.00236,0.091829,3.637745,0.02971,0.00027,0.719323,4.615556,3.49672
1280,720,2560,1440,ogpu,end-to-end,0,30,0,0.144348,0.00274,0.114469,3.580496,0.02605,0.00028,0.706713,4.575096,3.49752
1280,720,2560,1440,ogpu,end-to-end,0,31,1,0.142398,0.00236,0.095399,3.603725,0.02505,0.00028,0.722983,4.592195,3.50076
1280,720,2560,1440,ogpu,end-to-end,0,32,0,0.142019,0.00264,0.114519,3.595195,0.028409,0.00612,0.761303,4.650205,3.50304
1280,720,2560,1440,ogpu,end-to-end,0,33,1,0.153539,0.00302,0.109229,3.583725,0.02988,0.00031,0.712073,4.591776,3.49756
1280,720,2560,1440,ogpu,end-to-end,0,34,0,0.138728,0.00245,0.100499,3.580876,0.02647,0.00029,0.708783,4.558096,3.49576
1280,720,2560,1440,ogpu,end-to-end,0,35,1,0.141738,0.00272,0.116459,3.572906,0.02224,0.00023,0.676153,4.532446,3.49652
1280,720,2560,1440,ogpu,end-to-end,0,36,0,0.132239,0.0022,0.099229,3.597435,0.02112,0.00031,0.764152,4.616685,3.50044
1280,720,2560,1440,ogpu,end-to-end,0,37,1,0.177319,0.00477,0.144688,3.576686,0.018,0.00032,0.692683,4.614466,3.49628
1280,720,2560,1440,ogpu,end-to-end,0,38,0,0.145058,0.00248,0.104459,3.577146,0.01693,0.00026,0.649543,4.495876,3.50052
1280,720,2560,1440,ogpu,end-to-end,0,39,1,0.132319,0.00245,0.100839,3.584146,0.019019,0.00028,0.692664,4.531717,3.49824
1280,720,2560,1440,native,end-to-end,0,10,0,0.131089,0.096429,0.02154,3.583936,0.023249,4e-05,0.719143,4.575426,3.49864
1280,720,2560,1440,native,end-to-end,0,11,1,0.143679,0.093659,0.02845,3.578455,0.0265,4e-05,0.733533,4.604316,3.49748
1280,720,2560,1440,native,end-to-end,0,12,0,0.121858,0.07682,0.023879,3.579966,0.02641,4e-05,0.702323,4.531296,3.5004
1280,720,2560,1440,native,end-to-end,0,13,1,0.141119,0.088769,0.0257,3.591365,0.02649,5e-05,0.686553,4.560046,3.49896
1280,720,2560,1440,native,end-to-end,0,14,0,0.120579,0.077109,0.02237,3.582925,0.02574,4e-05,0.714843,4.543606,3.50348
1280,720,2560,1440,native,end-to-end,0,15,1,0.140509,0.088539,0.02524,3.583145,0.02666,4e-05,0.750232,4.614365,3.4982
1280,720,2560,1440,native,end-to-end,0,16,0,0.143779,0.077469,0.02241,3.600055,0.02572,5e-05,0.808772,4.678255,3.49796
1280,720,2560,1440,native,end-to-end,0,17,1,0.175909,0.108969,0.023449,3.647215,0.02739,4e-05,0.792422,4.775394,3.50424
1280,720,2560,1440,native,end-to-end,0,18,0,0.142469,0.085719,0.02348,3.578255,0.02275,3e-05,0.726703,4.579406,3.49668
1280,720,2560,1440,native,end-to-end,0,19,1,0.167268,0.110569,0.03501,3.586405,0.02656,5e-05,0.749333,4.675195,3.50228
1280,720,2560,1440,native,end-to-end,0,20,0,0.132838,0.07572,0.020779,3.597796,0.025449,4e-05,0.734613,4.587235,3.50584
1280,720,2560,1440,native,end-to-end,0,21,1,0.145019,0.085929,0.02613,3.584255,0.0259,5e-05,0.699873,4.567156,3.49596
1280,720,2560,1440,native,end-to-end,0,22,0,0.124689,0.073389,0.01973,3.594935,0.02678,4e-05,0.777792,4.617355,3.49796
1280,720,2560,1440,native,end-to-end,0,23,1,0.149639,0.084249,0.0173,3.583425,0.02435,5e-05,0.723073,4.582086,3.50048
1280,720,2560,1440,native,end-to-end,0,24,0,0.144549,0.074629,0.02056,3.594865,0.02765,5e-05,0.772202,4.634505,3.5002
1280,720,2560,1440,native,end-to-end,0,25,1,0.147439,0.118269,0.02344,3.590155,0.0265,4e-05,0.764742,4.670585,3.50348
1280,720,2560,1440,native,end-to-end,0,26,0,0.145769,0.092929,0.02577,3.580235,0.02578,5e-05,0.720373,4.590906,3.50044
1280,720,2560,1440,native,end-to-end,0,27,1,0.144149,0.074379,0.02003,3.586715,0.02354,5e-05,0.725423,4.574286,3.5004
1280,720,2560,1440,native,end-to-end,0,28,0,0.139388,0.07885,0.01657,3.582265,0.02519,4e-05,0.702523,4.544826,3.49812
1280,720,2560,1440,native,end-to-end,0,29,1,0.175208,0.081829,0.02622,3.593375,0.02668,5e-05,0.701243,4.604605,3.49904
1280,720,2560,1440,native,end-to-end,0,30,0,0.127029,0.072819,0.01914,3.595535,0.02567,5e-05,0.697484,4.537727,3.50352
1280,720,2560,1440,native,end-to-end,0,31,1,0.137138,0.090919,0.02603,3.587565,0.0261,4e-05,0.737763,4.605555,3.49944
1280,720,2560,1440,native,end-to-end,0,32,0,0.133419,0.086429,0.01842,3.579195,0.02508,5e-05,0.764232,4.606825,3.49952
1280,720,2560,1440,native,end-to-end,0,33,1,0.174579,0.088299,0.01833,3.577925,0.02628,4e-05,0.696353,4.581806,3.49896
1280,720,2560,1440,native,end-to-end,0,34,0,0.147899,0.084709,0.02665,3.580615,0.02556,5e-05,0.698443,4.563926,3.50116
1280,720,2560,1440,native,end-to-end,0,35,1,0.134559,0.074479,0.02025,3.590365,0.02556,4e-05,0.698393,4.543646,3.49804
1280,720,2560,1440,native,end-to-end,0,36,0,0.135829,0.084369,0.02561,3.579505,0.02456,4e-05,0.706933,4.556846,3.50224
1280,720,2560,1440,native,end-to-end,0,37,1,0.127839,0.072059,0.01976,3.590245,0.02534,5e-05,0.688843,4.524136,3.49744
1280,720,2560,1440,native,end-to-end,0,38,0,0.130769,0.088959,0.0267,3.598215,0.02788,5e-05,0.737223,4.609796,3.50268
1280,720,2560,1440,native,end-to-end,0,39,1,0.138118,0.08371,0.024069,3.593816,0.01562,3e-05,0.724903,4.580266,3.50208
1920,1080,960,540,ogpu,resident,0,10,0,4e-05,0.00227,0.102449,1.00617,0.01631,0.00021,3e-05,1.127479,0.93296
1920,1080,960,540,ogpu,resident,0,11,1,3e-05,0.00174,0.091159,1.00892,0.01848,0.0003,4e-05,1.120669,0.93356
1920,1080,960,540,ogpu,resident,0,12,0,4e-05,0.00234,0.098789,1.01134,0.0168,0.00026,3e-05,1.129599,0.93308
1920,1080,960,540,ogpu,resident,0,13,1,3e-05,0.0022,0.082799,0.99895,0.0131,0.00023,3e-05,1.097339,0.93272
1920,1080,960,540,ogpu,resident,0,14,0,3e-05,0.00165,0.086959,1.036481,0.01887,0.00024,4e-05,1.14427,0.93288
1920,1080,960,540,ogpu,resident,0,15,1,4e-05,0.002199,0.0925,1.00496,0.018389,0.00025,3e-05,1.118368,0.93316
1920,1080,960,540,ogpu,resident,0,16,0,4e-05,0.0022,0.07968,1.00721,0.01645,0.00029,3e-05,1.1059,0.93388
1920,1080,960,540,ogpu,resident,0,17,1,3e-05,0.00192,0.088579,1.03489,0.02153,0.0003,4e-05,1.147289,0.93252
1920,1080,960,540,ogpu,resident,0,18,0,4e-05,0.00262,0.098719,1.00581,0.0169,0.00023,3e-05,1.124349,0.9336
1920,1080,960,540,ogpu,resident,0,19,1,3e-05,0.00166,0.078389,1.00093,0.01858,0.00026,3e-05,1.099879,0.93328
1920,1080,960,540,ogpu,resident,0,20,0,2e-05,0.00168,0.078329,1.014171,0.02153,0.00033,4e-05,1.1161,0.93276
1920,1080,960,540,ogpu,resident,0,21,1,5e-05,0.00278,0.098589,1.00096,0.01382,0.00021,2e-05,1.116429,0.93472
1920,1080,960,540,ogpu,resident,0,22,0,3e-05,0.00171,0.076679,1.04717,0.01602,0.00025,3e-05,1.141889,0.93392
1920,1080,960,540,ogpu,resident,0,23,1,4e-05,0.00198,0.085529,0.99631,0.01329,0.0002,3e-05,1.097379,0.93284
1920,1080,960,540,ogpu,resident,0,24,0,3e-05,0.00164,0.073629,1.01819,0.02053,0.0003,5e-05,1.114369,0.9344
1920,1080,960,540,ogpu,resident,0,25,1,4e-05,0.00252,0.112839,1.01325,0.02284,0.00032,3e-05,1.151839,0.93072
1920,1080,960,540,ogpu,resident,0,26,0,4e-05,0.00232,0.110199,1.00689,0.01872,0.00031,3e-05,1.138509,0.93364
1920,1080,960,540,ogpu,resident,0,27,1,3e-05,0.00219,0.093609,1.00564,0.01851,0.00027,3e-05,1.120279,0.93296
1920,1080,960,540,ogpu,resident,0,28,0,4e-05,0.00221,0.093729,1.006291,0.01848,0.00024,4e-05,1.12103,0.93388
1920,1080,960,540,ogpu,resident,0,29,1,6e-05,0.00217,0.079259,0.99883,0.01844,0.00024,3e-05,1.099029,0.93324
1920,1080,960,540,ogpu,resident,0,30,0,3e-05,0.00176,0.082099,1.001201,0.021269,0.00023,3e-05,1.106619,0.93212
1920,1080,960,540,ogpu,resident,0,31,1,3e-05,0.00175,0.07881,0.99908,0.01369,0.0002,3e-05,1.09359,0.93208
1920,1080,960,540,ogpu,resident,0,32,0,3e-05,0.0016,0.073729,1.03679,0.01882,0.00024,3e-05,1.131239,0.93136
1920,1080,960,540,ogpu,resident,0,33,1,3e-05,0.00231,0.079679,1.00347,0.02224,0.0003,4e-05,1.108069,0.93244
1920,1080,960,540,ogpu,resident,0,34,0,5e-05,0.00247,0.109089,1.01253,0.02199,0.00033,4e-05,1.146499,0.93196
1920,1080,960,540,ogpu,resident,0,35,1,4e-05,0.00258,0.088519,1.00133,0.01458,0.00022,3e-05,1.107299,0.93324
1920,1080,960,540,ogpu,resident,0,36,0,3e-05,0.00166,0.093089,1.009261,0.018199,0.00027,3e-05,1.122539,0.93276
1920,1080,960,540,ogpu,resident,0,37,1,7e-05,0.00237,0.097909,1.005761,0.019279,0.00027,4e-05,1.125699,0.93268
1920,1080,960,540,ogpu,resident,0,38,0,4e-05,0.00206,0.07963,0.99978,0.01814,0.0002,4e-05,1.09989,0.93228
1920,1080,960,540,ogpu,resident,0,39,1,3e-05,0.00222,0.084339,1.02152,0.01705,0.00026,3e-05,1.125449,0.93468
1920,1080,960,540,native,resident,0,10,0,2e-05,0.076289,0.01831,1.0119,0.01855,4e-05,4e-05,1.125149,0.933
1920,1080,960,540,native,resident,0,11,1,2e-05,0.072419,0.0189,1.004241,0.017289,5e-05,2e-05,1.112939,0.93212
1920,1080,960,540,native,resident,0,12,0,2e-05,0.07358,0.019039,1.02858,0.01837,5e-05,3e-05,1.139669,0.93456
1920,1080,960,540,native,resident,0,13,1,3e-05,0.06372,0.015739,1.002031,0.01273,6e-05,2e-05,1.09433,0.93892
1920,1080,960,540,native,resident,0,14,0,8e-05,0.055519,0.01614,1.05455,0.01655,6e-05,3e-05,1.142929,0.9334
1920,1080,960,540,native,resident,0,15,1,4e-05,0.087659,0.02319,1.0205,0.02121,9e-05,3e-05,1.152719,0.93372
1920,1080,960,540,native,resident,0,16,0,3e-05,0.076999,0.01871,1.00159,0.01656,4e-05,3e-05,1.113959,0.93352
1920,1080,960,540,native,resident,0,17,1,3e-05,0.064189,0.01634,1.00039,0.01579,4e-05,3e-05,1.096809,0.9336
1920,1080,960,540,native,resident,0,18,0,3e-05,0.05752,0.016019,1.007841,0.017579,5e-05,3e-05,1.099069,0.93372
1920,1080,960,540,native,resident,0,19,1,3e-05,0.06942,0.01933,1.01795,0.0157,5e-05,3e-05,1.12251,0.93332
1920,1080,960,540,native,resident,0,20,0,3e-05,0.056529,0.01485,1.00071,0.01714,4e-05,3e-05,1.089329,0.93324
1920,1080,960,540,native,resident,0,21,1,3e-05,0.075349,0.01931,1.02449,0.01619,4e-05,2e-05,1.135429,0.93332
1920,1080,960,540,native,resident,0,22,0,3e-05,0.05685,0.01583,0.99669,0.01469,3e-05,3e-05,1.08415,0.93356
1920,1080,960,540,native,resident,0,23,1,7e-05,0.057449,0.01942,1.04251,0.01764,4e-05,3e-05,1.137159,0.9324
1920,1080,960,540,native,resident,0,24,0,3e-05,0.065749,0.0174,1.00287,0.01654,5e-05,4e-05,1.102679,0.93244
1920,1080,960,540,native,resident,0,25,1,4e-05,0.068569,0.01957,1.02369,0.01528,4e-05,3e-05,1.127219,0.93336
1920,1080,960,540,native,resident,0,26,0,3e-05,0.05663,0.014849,0.998691,0.01429,4e-05,2e-05,1.08455,0.9338
1920,1080,960,540,native,resident,0,27,1,2e-05,0.062139,0.016,1.03518,0.01634,5e-05,3e-05,1.129759,0.93232
1920,1080,960,540,native,resident,0,28,0,3e-05,0.065699,0.01773,0.99646,0.01374,5e-05,3e-05,1.093739,0.93236
1920,1080,960,540,native,resident,0,29,1,3e-05,0.06136,0.017199,1.033171,0.020949,7e-05,3e-05,1.132809,0.9326
1920,1080,960,540,native,resident,0,30,0,3e-05,0.07909,0.018649,1.007521,0.015639,5e-05,2e-05,1.120999,0.93252
1920,1080,960,540,native,resident,0,31,1,3e-05,0.06621,0.01639,0.99553,0.01291,4e-05,3e-05,1.09114,0.93116
1920,1080,960,540,native,resident,0,32,0,2e-05,0.054999,0.01619,1.04174,0.01482,4e-05,3e-05,1.127839,0.93464
1920,1080,960,540,native,resident,0,33,1,3e-05,0.067299,0.01778,1.00148,0.01465,4e-05,3e-05,1.101309,0.93264
1920,1080,960,540,native,resident,0,34,0,3e-05,0.06538,0.017859,0.993971,0.01237,4e-05,3e-05,1.08968,0.9322
1920,1080,960,540,native,resident,0,35,1,3e-05,0.054659,0.01608,1.05241,0.01529,3e-05,3e-05,1.138529,0.93312
1920,1080,960,540,native,resident,0,36,0,3e-05,0.065549,0.01835,0.99518,0.01229,3e-05,3e-05,1.091459,0.9324
1920,1080,960,540,native,resident,0,37,1,3e-05,0.05518,0.01599,1.04121,0.014839,5e-05,3e-05,1.127329,0.93276
1920,1080,960,540,native,resident,0,38,0,3e-05,0.06426,0.01796,0.99611,0.01239,4e-05,2e-05,1.09081,0.93364
1920,1080,960,540,native,resident,0,39,1,3e-05,0.066189,0.01601,0.99953,0.01534,5e-05,4e-05,1.097189,0.93232
1920,1080,960,540,native,end-to-end,0,10,0,0.262328,0.079079,0.01647,2.501856,0.01586,4e-05,0.080869,2.956502,2.41756
1920,1080,960,540,native,end-to-end,0,11,1,0.289187,0.081839,0.01817,2.504026,0.01678,4e-05,0.076929,2.986971,2.413
1920,1080,960,540,native,end-to-end,0,12,0,0.279187,0.084969,0.01678,2.491316,0.0158,4e-05,0.072789,2.960881,2.4136
1920,1080,960,540,native,end-to-end,0,13,1,0.280938,0.078089,0.01889,2.491116,0.01592,5e-05,0.078189,2.963192,2.41404
1920,1080,960,540,native,end-to-end,0,14,0,0.263687,0.081259,0.01957,2.485496,0.01522,5e-05,0.079239,2.944521,2.41244
1920,1080,960,540,native,end-to-end,0,15,1,0.255858,0.078219,0.01868,2.487426,0.015899,5e-05,0.07256,2.928692,2.41224
1920,1080,960,540,native,end-to-end,0,16,0,0.257887,0.08296,0.019609,2.488276,0.0154,4e-05,0.073689,2.937861,2.4146
1920,1080,960,540,native,end-to-end,0,17,1,0.290897,0.08044,0.018959,2.488307,0.016059,5e-05,0.08008,2.974792,2.4132
1920,1080,960,540,native,end-to-end,0,18,0,0.265867,0.081769,0.01938,2.489106,0.01534,4e-05,0.089679,2.961181,2.4146
1920,1080,960,540,native,end-to-end,0,19,1,0.289017,0.081699,0.01933,2.489646,0.01542,4e-05,0.081359,2.976511,2.41244
1920,1080,960,540,native,end-to-end,0,20,0,0.300287,0.079009,0.01912,2.489976,0.01587,5e-05,0.079179,2.983491,2.41372
1920,1080,960,540,native,end-to-end,0,21,1,0.263848,0.081949,0.01949,2.494766,0.01891,4e-05,0.093159,2.972162,2.4128
1920,1080,960,540,native,end-to-end,0,22,0,0.295907,0.088299,0.0202,2.488446,0.016259,4e-05,0.08932,2.998471,2.41164
1920,1080,960,540,native,end-to-end,0,23,1,0.287047,0.082929,0.01995,2.493566,0.02173,4e-05,0.088399,2.993661,2.41428
1920,1080,960,540,native,end-to-end,0,24,0,0.293657,0.098319,0.02192,2.500896,0.023549,0.00011,0.098119,3.03657,2.4132
1920,1080,960,540,native,end-to-end,0,25,1,0.321407,0.100199,0.02222,2.502426,0.01987,6e-05,0.091649,3.057831,2.41276
1920,1080,960,540,native,end-to-end,0,26,0,0.306897,0.090559,0.01987,2.489236,0.01578,4e-05,0.084459,3.006841,2.4144
1920,1080,960,540,native,end-to-end,0,27,1,0.307267,0.079279,0.01883,2.492206,0.01556,4e-05,0.084649,2.997831,2.41388
1920,1080,960,540,native,end-to-end,0,28,0,0.282777,0.081139,0.01982,2.508566,0.01564,4e-05,0.085339,2.993321,2.41388
1920,1080,960,540,native,end-to-end,0,29,1,0.296317,0.079239,0.0191,2.486996,0.01598,4e-05,0.082619,2.980291,2.41308
1920,1080,960,540,native,end-to-end,0,30,0,0.273988,0.080939,0.01955,2.486316,0.015179,4e-05,0.08206,2.958072,2.41284
1920,1080,960,540,native,end-to-end,0,31,1,0.294567,0.079469,0.01956,2.488676,0.016269,4e-05,0.08064,2.979221,2.41256
1920,1080,960,540,native,end-to-end,0,32,0,0.269307,0.082089,0.02097,2.493636,0.01663,4e-05,0.090089,2.972761,2.41316
1920,1080,960,540,native,end-to-end,0,33,1,0.274988,0.095579,0.021039,2.481086,0.01328,3e-05,0.082739,2.968741,2.41344
1920,1080,960,540,native,end-to-end,0,34,0,0.255658,0.077099,0.01799,2.485406,0.01799,6e-05,0.086049,2.940252,2.41268
1920,1080,960,540,native,end-to-end,0,35,1,0.306187,0.096399,0.02229,2.488336,0.01554,4e-05,0.084959,3.013751,2.41464
1920,1080,960,540,native,end-to-end,0,36,0,0.286697,0.097089,0.02124,2.489036,0.0178,6e-05,0.082509,2.994431,2.4128
1920,1080,960,540,native,end-to-end,0,37,1,0.264337,0.08246,0.027689,2.484556,0.01476,4e-05,0.082109,2.955951,2.41288
1920,1080,960,540,native,end-to-end,0,38,0,0.283527,0.07736,0.019729,2.490036,0.01582,4e-05,0.084289,2.970801,2.41456
1920,1080,960,540,native,end-to-end,0,39,1,0.265158,0.084469,0.02072,2.484336,0.01568,5e-05,0.081419,2.951832,2.41296
1920,1080,960,540,ogpu,end-to-end,0,10,0,0.292078,0.00262,0.116628,2.503026,0.0233,0.00028,0.078149,3.016081,2.41436
1920,1080,960,540,ogpu,end-to-end,0,11,1,0.259898,0.00283,0.125748,2.500586,0.05562,0.0005,0.073469,3.018651,2.41292
1920,1080,960,540,ogpu,end-to-end,0,12,0,0.278187,0.00327,0.123019,2.492756,0.01659,0.00027,0.087059,3.001151,2.4136
1920,1080,960,540,ogpu,end-to-end,0,13,1,0.246598,0.00271,0.096609,2.488846,0.017019,0.00027,0.08278,2.934832,2.41316
1920,1080,960,540,ogpu,end-to-end,0,14,0,0.282127,0.00287,0.200368,2.495516,0.01706,0.0003,0.085329,3.08357,2.4136
1920,1080,960,540,ogpu,end-to-end,0,15,1,0.295597,0.003,0.107209,2.506196,0.02454,0.00038,0.086049,3.022971,2.41224
1920,1080,960,540,ogpu,end-to-end,0,16,0,0.254367,0.00241,0.092359,2.488906,0.01648,0.00027,0.082019,2.936811,2.41264
1920,1080,960,540,ogpu,end-to-end,0,17,1,0.281857,0.00265,0.101859,2.490616,0.0181,0.0003,0.08133,2.976712,2.41164
1920,1080,960,540,ogpu,end-to-end,0,18,0,0.268807,0.00252,0.091329,2.496666,0.0175,0.00022,0.083349,2.960391,2.41184
1920,1080,960,540,ogpu,end-to-end,0,19,1,0.273657,0.00242,0.103029,2.484216,0.01444,0.00024,0.077829,2.955831,2.41272
1920,1080,960,540,ogpu,end-to-end,0,20,0,0.252778,0.00284,0.103849,2.486516,0.01694,0.00021,0.078779,2.941912,2.41372
1920,1080,960,540,ogpu,end-to-end,0,21,1,0.280727,0.00262,0.089669,2.486046,0.01446,0.00025,0.07852,2.952292,2.41256
1920,1080,960,540,ogpu,end-to-end,0,22,0,0.239267,0.00244,0.088289,2.494076,0.02163,0.00026,0.080079,2.926041,2.41308
1920,1080,960,540,ogpu,end-to-end,0,23,1,0.267298,0.003679,0.203778,2.497486,0.01769,0.0003,0.094019,3.08425,2.4134
1920,1080,960,540,ogpu,end-to-end,0,24,0,0.324107,0.00323,0.094479,2.497616,0.01716,0.00028,0.086249,3.023121,2.41824
1920,1080,960,540,ogpu,end-to-end,0,25,1,0.269767,0.00281,0.095879,2.492916,0.01701,0.00023,0.086569,2.965181,2.4136
1920,1080,960,540,ogpu,end-to-end,0,26,0,0.270428,0.0027,0.094489,2.488806,0.01443,0.00025,0.080589,2.951692,2.41464
1920,1080,960,540,ogpu,end-to-end,0,27,1,0.250158,0.002279,0.08808,2.486615,0.01619,0.0002,0.098889,2.942411,2.4124
1920,1080,960,540,ogpu,end-to-end,0,28,0,0.260418,0.00273,0.101759,2.483016,0.01486,0.00025,0.089469,2.952502,2.41292
1920,1080,960,540,ogpu,end-to-end,0,29,1,0.248658,0.00239,0.088889,2.486786,0.016359,0.0002,0.08102,2.924302,2.4128
1920,1080,960,540,ogpu,end-to-end,0,30,0,0.274077,0.00247,0.101349,2.492386,0.01698,0.00031,0.082869,2.970441,2.41336
1920,1080,960,540,ogpu,end-to-end,0,31,1,0.293197,0.00292,0.106079,2.486376,0.01578,0.00021,0.081149,2.985711,2.41312
1920,1080,960,540,ogpu,end-to-end,0,32,0,0.366857,0.00359,0.148338,2.499696,0.01759,0.00029,0.110409,3.14677,2.41584
1920,1080,960,540,ogpu,end-to-end,0,33,1,0.296577,0.00311,0.112429,2.488895,0.01743,0.00031,0.104039,3.02279,2.41248
1920,1080,960,540,ogpu,end-to-end,0,34,0,0.294998,0.00284,0.107068,2.501736,0.02883,0.00038,0.105639,3.041491,2.4134
1920,1080,960,540,ogpu,end-to-end,0,35,1,0.321107,0.00301,0.100589,2.494046,0.01491,0.00025,0.092309,3.026221,2.41344
1920,1080,960,540,ogpu,end-to-end,0,36,0,0.280377,0.00248,0.090579,2.497206,0.0196,0.00026,0.093069,2.983571,2.41324
1920,1080,960,540,ogpu,end-to-end,0,37,1,0.291857,0.00262,0.102199,2.506066,0.01691,0.00028,0.089879,3.009811,2.4138
1920,1080,960,540,ogpu,end-to-end,0,38,0,0.283787,0.00288,0.103849,2.508186,0.01599,0.00023,0.087459,3.002381,2.41348
1920,1080,960,540,ogpu,end-to-end,0,39,1,0.373076,0.00353,0.132709,2.489736,0.01677,0.00029,0.086519,3.10263,2.413
3840,2160,1919,1079,native,resident,0,10,0,3e-05,0.095119,0.01977,3.793283,0.02093,4e-05,3e-05,3.929202,3.72036
3840,2160,1919,1079,native,resident,0,11,1,4e-05,0.094339,0.01835,3.797083,0.01847,3e-05,3e-05,3.928342,3.7264
3840,2160,1919,1079,native,resident,0,12,0,3e-05,0.079929,0.02214,3.813583,0.02042,6e-05,3e-05,3.936192,3.7364
3840,2160,1919,1079,native,resident,0,13,1,3e-05,0.096169,0.01923,3.833713,0.02078,5e-05,3e-05,3.970002,3.7472
3840,2160,1919,1079,native,resident,0,14,0,3e-05,0.090519,0.0213,3.853512,0.022,5e-05,3e-05,3.987441,3.75644
3840,2160,1919,1079,native,resident,0,15,1,6e-05,0.099749,0.02892,3.852702,0.01936,5e-05,3e-05,4.000871,3.76136
3840,2160,1919,1079,native,resident,0,16,0,3e-05,0.091809,0.02271,3.867653,0.02187,6e-05,3e-05,4.004162,3.77888
3840,2160,1919,1079,native,resident,0,17,1,3e-05,0.100499,0.02212,3.867312,0.02005,0.00012,3e-05,4.010161,3.7866
3840,2160,1919,1079,native,resident,0,18,0,3e-05,0.087439,0.02262,3.870883,0.020419,5e-05,3e-05,4.001471,3.78648
3840,2160,1919,1079,native,resident,0,19,1,3e-05,0.09165,0.022459,3.865313,0.021319,4e-05,3e-05,4.000841,3.78088
3840,2160,1919,1079,native,resident,0,20,0,3e-05,0.09412,0.021919,3.860863,0.02078,6e-05,4e-05,3.997812,3.77524
3840,2160,1919,1079,native,resident,0,21,1,3e-05,0.096829,0.02243,3.866182,0.01706,6e-05,3e-05,4.002621,3.78732
3840,2160,1919,1079,native,resident,0,22,0,3e-05,0.07025,0.020159,3.890873,0.01606,6e-05,3e-05,3.997462,3.7988
3840,2160,1919,1079,native,resident,0,23,1,3e-05,0.069209,0.01976,3.888572,0.01682,6e-05,3e-05,3.994481,3.79316
3840,2160,1919,1079,native,resident,0,24,0,3e-05,0.070349,0.01987,3.888913,0.016629,5e-05,3e-05,3.995871,3.79528
3840,2160,1919,1079,native,resident,0,25,1,3e-05,0.07389,0.020639,3.886163,0.01631,3e-05,4e-05,3.997102,3.806
3840,2160,1919,1079,native,resident,0,26,0,3e-05,0.070229,0.01909,3.879423,0.016349,5e-05,3e-05,3.985201,3.79084
3840,2160,1919,1079,native,resident,0,27,1,3e-05,0.06958,0.019529,3.885703,0.016199,4e-05,3e-05,3.991111,3.7942
3840,2160,1919,1079,native,resident,0,28,0,3e-05,0.06832,0.01989,3.893302,0.0171,5e-05,3e-05,3.998722,3.79136
3840,2160,1919,1079,native,resident,0,29,1,3e-05,0.072029,0.02064,3.879943,0.016389,6e-05,3e-05,3.989121,3.7946
3840,2160,1919,1079,native,resident,0,30,0,4e-05,0.06845,0.01997,3.886952,0.01579,4e-05,3e-05,3.991272,3.79148
3840,2160,1919,1079,native,resident,0,31,1,3e-05,0.068409,0.01899,3.890232,0.01637,4e-05,3e-05,3.994101,3.80056
3840,2160,1919,1079,native,resident,0,32,0,4e-05,0.068449,0.0192,3.887573,0.01775,5e-05,3e-05,3.993092,3.79196
3840,2160,1919,1079,native,resident,0,33,1,3e-05,0.072249,0.02106,3.873082,0.02027,5e-05,3e-05,3.986771,3.79868
3840,2160,1919,1079,native,resident,0,34,0,3e-05,0.06604,0.018869,3.880143,0.01622,4e-05,3e-05,3.981372,3.79192
3840,2160,1919,1079,native,resident,0,35,1,3e-05,0.076449,0.01957,3.877692,0.01641,4e-05,3e-05,3.990221,3.79552
3840,2160,1919,1079,native,resident,0,36,0,3e-05,0.073819,0.01996,3.875993,0.016579,5e-05,3e-05,3.986461,3.7932
3840,2160,1919,1079,native,resident,0,37,1,3e-05,0.07659,0.02006,3.866402,0.01623,5e-05,3e-05,3.979392,3.78992
3840,2160,1919,1079,native,resident,0,38,0,3e-05,0.073619,0.02045,3.883333,0.01578,6e-05,3e-05,3.993302,3.79752
3840,2160,1919,1079,native,resident,0,39,1,3e-05,0.074559,0.0205,3.867982,0.01579,4e-05,3e-05,3.978931,3.78924
3840,2160,1919,1079,ogpu,resident,0,10,0,3e-05,0.00209,0.093049,3.774843,0.01624,0.00022,4e-05,3.886512,3.6986
3840,2160,1919,1079,ogpu,resident,0,11,1,3e-05,0.00195,0.086429,3.817543,0.01637,0.00024,3e-05,3.922592,3.72644
3840,2160,1919,1079,ogpu,resident,0,12,0,3e-05,0.00205,0.089289,3.834623,0.01702,0.00021,3e-05,3.943252,3.74656
3840,2160,1919,1079,ogpu,resident,0,13,1,4e-05,0.00193,0.086499,3.848353,0.01615,0.00022,3e-05,3.953222,3.75592
3840,2160,1919,1079,ogpu,resident,0,14,0,3e-05,0.00192,0.084919,3.873203,0.018289,0.00026,3e-05,3.978651,3.7718
3840,2160,1919,1079,ogpu,resident,0,15,1,3e-05,0.00235,0.098189,3.855883,0.01736,0.00027,3e-05,3.974112,3.7742
3840,2160,1919,1079,ogpu,resident,0,16,0,4e-05,0.00218,0.093899,3.864943,0.01605,0.0002,3e-05,3.977342,3.7874
3840,2160,1919,1079,ogpu,resident,0,17,1,3e-05,0.00189,0.085439,3.881822,0.0164,0.00021,3e-05,3.985821,3.7848
3840,2160,1919,1079,ogpu,resident,0,18,0,3e-05,0.0021,0.085749,3.893083,0.017909,0.00022,3e-05,3.999121,3.7982
3840,2160,1919,1079,ogpu,resident,0,19,1,3e-05,0.00214,0.091199,3.882433,0.0165,0.00023,3e-05,3.992562,3.79996
3840,2160,1919,1079,ogpu,resident,0,20,0,3e-05,0.00202,0.085789,3.890402,0.01623,0.00021,3e-05,3.994711,3.798
3840,2160,1919,1079,ogpu,resident,0,21,1,3e-05,0.00199,0.087489,3.890673,0.01584,0.0002,3e-05,3.996252,3.79804
3840,2160,1919,1079,ogpu,resident,0,22,0,3e-05,0.00202,0.087529,3.896742,0.0162,0.00021,3e-05,4.002761,3.8028
3840,2160,1919,1079,ogpu,resident,0,23,1,4e-05,0.00192,0.086149,3.894532,0.01722,0.00024,3e-05,4.000131,3.79708
3840,2160,1919,1079,ogpu,resident,0,24,0,3e-05,0.00234,0.093749,3.875823,0.01686,0.00021,4e-05,3.989052,3.79824
3840,2160,1919,1079,ogpu,resident,0,25,1,3e-05,0.00202,0.088329,3.889212,0.01637,0.00022,3e-05,3.996211,3.801
3840,2160,1919,1079,ogpu,resident,0,26,0,3e-05,0.00206,0.085729,3.890333,0.016739,0.00021,3e-05,3.995131,3.79584
3840,2160,1919,1079,ogpu,resident,0,27,1,3e-05,0.002,0.08599,3.890832,0.01624,0.00023,4e-05,3.995362,3.79844
3840,2160,1919,1079,ogpu,resident,0,28,0,3e-05,0.00197,0.085809,3.887422,0.0165,0.00022,3e-05,3.991981,3.79416
3840,2160,1919,1079,ogpu,resident,0,29,1,3e-05,0.00195,0.087389,3.889943,0.01604,0.00024,3e-05,3.995622,3.8018
3840,2160,1919,1079,ogpu,resident,0,30,0,4e-05,0.00193,0.086579,3.889462,0.01611,0.0002,3e-05,3.994351,3.79924
3840,2160,1919,1079,ogpu,resident,0,31,1,3e-05,0.00191,0.087739,3.904592,0.02293,0.0003,4e-05,4.017541,3.80308
3840,2160,1919,1079,ogpu,resident,0,32,0,3e-05,0.00225,0.103379,3.876673,0.016719,0.00025,4e-05,3.999341,3.79572
3840,2160,1919,1079,ogpu,resident,0,33,1,3e-05,0.00215,0.08926,3.889742,0.01678,0.00023,3e-05,3.998222,3.79776
3840,2160,1919,1079,ogpu,resident,0,34,0,3e-05,0.00205,0.086469,3.891772,0.01581,0.0002,3e-05,3.996361,3.80284
3840,2160,1919,1079,ogpu,resident,0,35,1,3e-05,0.00191,0.085819,3.889573,0.01582,0.00023,3e-05,3.993412,3.79676
3840,2160,1919,1079,ogpu,resident,0,36,0,4e-05,0.00194,0.086339,3.900452,0.01627,0.00023,3e-05,4.005301,3.8066
3840,2160,1919,1079,ogpu,resident,0,37,1,3e-05,0.00199,0.087449,3.888392,0.01603,0.0002,3e-05,3.994121,3.79968
3840,2160,1919,1079,ogpu,resident,0,38,0,4e-05,0.00195,0.08536,3.899772,0.01711,0.00022,4e-05,4.004492,3.8026
3840,2160,1919,1079,ogpu,resident,0,39,1,3e-05,0.00212,0.095049,3.877752,0.01794,0.00025,3e-05,3.993171,3.79888
3840,2160,1919,1079,ogpu,end-to-end,0,10,0,1.594845,0.00265,0.101709,9.764356,0.017269,0.00025,0.534095,12.015174,9.57536
3840,2160,1919,1079,ogpu,end-to-end,0,11,1,1.717614,0.00347,0.169588,9.654537,0.022779,0.00033,0.540545,12.108863,9.57236
3840,2160,1919,1079,ogpu,end-to-end,0,12,0,1.646264,0.00285,0.110499,9.774896,0.02444,0.00035,0.519285,12.078584,9.5744
3840,2160,1919,1079,ogpu,end-to-end,0,13,1,1.712123,0.00284,0.113389,9.771695,0.02746,0.0003,0.522795,12.150602,9.57304
3840,2160,1919,1079,ogpu,end-to-end,0,14,0,1.623944,0.00252,0.098679,9.782516,0.01998,0.00032,0.508745,12.036704,9.57972
3840,2160,1919,1079,ogpu,end-to-end,0,15,1,1.746903,0.00277,0.100559,9.776655,0.02328,0.0004,0.518685,12.169252,9.57392
3840,2160,1919,1079,ogpu,end-to-end,0,16,0,1.658254,0.00259,0.098779,9.773506,0.019829,0.00029,0.761733,12.314981,9.57192
3840,2160,1919,1079,ogpu,end-to-end,0,17,1,1.730953,0.00287,0.107819,9.750246,0.02253,0.00039,0.521155,12.135963,9.57512
3840,2160,1919,1079,ogpu,end-to-end,0,18,0,1.655734,0.00287,0.103869,9.767725,0.02242,0.00037,0.511355,12.064343,9.573
3840,2160,1919,1079,ogpu,end-to-end,0,19,1,1.743393,0.00259,0.100029,9.787386,0.02498,0.00037,0.496895,12.155643,9.57144
3840,2160,1919,1079,ogpu,end-to-end,0,20,0,1.630874,0.00274,0.100589,9.759626,0.018109,0.00026,0.474756,11.986954,9.56996
3840,2160,1919,1079,ogpu,end-to-end,0,21,1,1.742823,0.00307,0.101979,9.770685,0.01994,0.00025,0.486856,12.125603,9.57428
3840,2160,1919,1079,ogpu,end-to-end,0,22,0,1.743543,0.00343,0.135658,9.684677,0.01836,0.00022,0.483735,12.069623,9.58092
3840,2160,1919,1079,ogpu,end-to-end,0,23,1,1.770023,0.00294,0.104849,9.773225,0.01952,0.00061,0.480365,12.151532,9.58088
3840,2160,1919,1079,ogpu,end-to-end,0,24,0,1.639135,0.00294,0.096439,9.760435,0.01703,0.00022,0.488136,12.004335,9.56828
3840,2160,1919,1079,ogpu,end-to-end,0,25,1,1.740083,0.002709,0.09616,9.779235,0.01922,0.00031,0.485605,12.123322,9.5744
3840,2160,1919,1079,ogpu,end-to-end,0,26,0,1.677074,0.00281,0.098549,9.785416,0.019239,0.00031,0.480256,12.063654,9.58208
3840,2160,1919,1079,ogpu,end-to-end,0,27,1,1.739793,0.00281,0.098529,9.790755,0.02506,0.00025,0.470345,12.127542,9.57604
3840,2160,1919,1079,ogpu,end-to-end,0,28,0,1.604555,0.00273,0.103139,9.771466,0.023839,0.00029,0.465386,11.971405,9.56924
3840,2160,1919,1079,ogpu,end-to-end,0,29,1,1.691134,0.00266,0.103209,9.768545,0.0239,0.00026,0.463245,12.052953,9.57084
3840,2160,1919,1079,ogpu,end-to-end,0,30,0,1.609645,0.00259,0.096299,9.798235,0.03065,0.00026,0.464745,12.002424,9.5792
3840,2160,1919,1079,ogpu,end-to-end,0,31,1,1.698584,0.00281,0.104539,9.798905,0.04033,0.00032,0.463565,12.109053,9.5744
3840,2160,1919,1079,ogpu,end-to-end,0,32,0,1.652474,0.00281,0.110459,9.777206,0.031779,0.00034,0.467486,12.042554,9.5736
3840,2160,1919,1079,ogpu,end-to-end,0,33,1,1.704614,0.002789,0.109379,9.704317,0.048979,0.00044,0.462785,12.033303,9.57236
3840,2160,1919,1079,ogpu,end-to-end,0,34,0,1.651345,0.00282,0.110439,9.798605,0.024979,0.00031,0.443546,12.032044,9.57628
3840,2160,1919,1079,ogpu,end-to-end,0,35,1,1.734143,0.00316,0.09845,9.773125,0.570605,0.00025,0.437525,12.617258,9.57368
3840,2160,1919,1079,ogpu,end-to-end,0,36,0,1.626535,0.00256,0.120088,9.744516,0.02446,0.0003,0.481375,11.999834,9.57424
3840,2160,1919,1079,ogpu,end-to-end,0,37,1,1.703564,0.00306,0.103439,9.773256,0.024129,0.00028,0.473046,12.080774,9.5704
3840,2160,1919,1079,ogpu,end-to-end,0,38,0,1.642734,0.00284,0.097479,9.776945,0.02,0.00023,0.462816,12.003044,9.57628
3840,2160,1919,1079,ogpu,end-to-end,0,39,1,1.716423,0.00284,0.104829,9.759756,0.030989,0.00031,0.456726,12.071873,9.57428
3840,2160,1919,1079,native,end-to-end,0,10,0,1.722344,0.112369,0.019779,9.750886,0.01728,5e-05,0.518385,12.141093,9.57256
3840,2160,1919,1079,native,end-to-end,0,11,1,1.638364,0.077069,0.01866,9.772795,0.01676,4e-05,0.506066,12.029754,9.57756
3840,2160,1919,1079,native,end-to-end,0,12,0,1.696883,0.075609,0.01843,9.769626,0.01679,5e-05,0.494465,12.071853,9.57584
3840,2160,1919,1079,native,end-to-end,0,13,1,1.620644,0.075259,0.0183,9.786466,0.02421,6e-05,0.501845,12.026784,9.57304
3840,2160,1919,1079,native,end-to-end,0,14,0,1.784962,0.08705,0.021699,9.770436,0.0223,7e-05,0.495565,12.182082,9.57424
3840,2160,1919,1079,native,end-to-end,0,15,1,1.650124,0.079229,0.01985,9.769715,0.01926,5e-05,0.484976,12.023204,9.57164
3840,2160,1919,1079,native,end-to-end,0,16,0,1.735733,0.078429,0.02035,9.791425,0.023,7e-05,0.519645,12.168652,9.57828
3840,2160,1919,1079,native,end-to-end,0,17,1,1.652084,0.085059,0.02207,9.768366,0.023139,6e-05,0.508105,12.058883,9.5722
3840,2160,1919,1079,native,end-to-end,0,18,0,1.737744,0.079199,0.02019,9.779715,0.02299,8e-05,0.520195,12.160113,9.57228
3840,2160,1919,1079,native,end-to-end,0,19,1,1.908211,0.08074,0.019969,9.780166,0.03009,6e-05,0.484535,12.303771,9.57388
3840,2160,1919,1079,native,end-to-end,0,20,0,1.702534,0.078269,0.0196,9.780115,0.01933,5e-05,0.482755,12.082653,9.58344
3840,2160,1919,1079,native,end-to-end,0,21,1,1.648494,0.07724,0.019649,9.773126,0.01918,5e-05,0.481885,12.019624,9.574
3840,2160,1919,1079,native,end-to-end,0,22,0,1.725183,0.07726,0.0189,9.770685,0.01967,5e-05,0.474965,12.086713,9.5716
3840,2160,1919,1079,native,end-to-end,0,23,1,1.654004,0.076459,0.01905,9.769336,0.01976,4e-05,0.459715,11.998364,9.57052
3840,2160,1919,1079,native,end-to-end,0,24,0,1.719704,0.074299,0.01906,9.782855,0.01905,4e-05,0.482586,12.097594,9.5798
3840,2160,1919,1079,native,end-to-end,0,25,1,1.691243,0.078599,0.02039,9.773186,0.022489,6e-05,0.465026,12.050993,9.57308
3840,2160,1919,1079,native,end-to-end,0,26,0,1.722763,0.07751,0.019319,9.793446,0.01904,5e-05,0.464285,12.096413,9.57272
3840,2160,1919,1079,native,end-to-end,0,27,1,1.653394,0.076159,0.01918,9.783845,0.01968,4e-05,0.499815,12.052113,9.58208
3840,2160,1919,1079,native,end-to-end,0,28,0,1.729324,0.096129,0.02369,9.762315,0.02195,5e-05,0.496275,12.129733,9.57704
3840,2160,1919,1079,native,end-to-end,0,29,1,1.677514,0.110709,0.02151,9.738366,0.021299,4e-05,0.511946,12.081384,9.57108
3840,2160,1919,1079,native,end-to-end,0,30,0,1.731933,0.083099,0.02106,9.758505,0.01637,6e-05,0.448056,12.059083,9.57584
3840,2160,1919,1079,native,end-to-end,0,31,1,1.617714,0.07564,0.020469,9.773186,0.02006,4e-05,0.453895,11.961004,9.57636
3840,2160,1919,1079,native,end-to-end,0,32,0,1.680344,0.075029,0.01988,9.779106,0.02072,5e-05,0.458835,12.033964,9.5738
3840,2160,1919,1079,native,end-to-end,0,33,1,1.667074,0.117509,0.02676,9.748555,0.02335,9e-05,0.563185,12.146523,9.57888
3840,2160,1919,1079,native,end-to-end,0,34,0,1.692583,0.091279,0.02167,9.765806,0.023999,0.0001,0.464696,12.060133,9.57276
3840,2160,1919,1079,native,end-to-end,0,35,1,1.649354,0.083009,0.02182,9.770985,0.05135,9e-05,0.440516,12.017124,9.57876
3840,2160,1919,1079,native,end-to-end,0,36,0,1.674984,0.086649,0.02032,9.781515,0.03081,4e-05,0.438996,12.033314,9.57652
3840,2160,1919,1079,native,end-to-end,0,37,1,1.647264,0.079259,0.01992,9.796475,0.03864,6e-05,0.444315,12.025933,9.57536
3840,2160,1919,1079,native,end-to-end,0,38,0,1.680244,0.074999,0.0197,9.785286,0.027629,5e-05,0.443186,12.031094,9.57328
3840,2160,1919,1079,native,end-to-end,0,39,1,1.641084,0.077199,0.01914,9.774616,0.023419,5e-05,0.469346,12.004854,9.5706
1919,1079,2561,1441,ogpu,resident,0,10,0,3e-05,0.00162,0.092909,1.311617,0.01926,0.00025,3e-05,1.425716,1.2208
1919,1079,2561,1441,ogpu,resident,0,11,1,3e-05,0.00186,0.096749,1.291908,0.018669,0.00021,3e-05,1.409456,1.22
1919,1079,2561,1441,ogpu,resident,0,12,0,3e-05,0.00166,0.09372,1.308577,0.02017,0.0003,4e-05,1.424497,1.22064
1919,1079,2561,1441,ogpu,resident,0,13,1,3e-05,0.00222,0.115399,1.305357,0.01671,0.00024,4e-05,1.439996,1.22072
1919,1079,2561,1441,ogpu,resident,0,14,0,3e-05,0.00194,0.088969,1.302347,0.01416,0.00025,3e-05,1.407726,1.2224
1919,1079,2561,1441,ogpu,resident,0,15,1,3e-05,0.0017,0.080659,1.319558,0.01626,0.00025,4e-05,1.418497,1.21972
1919,1079,2561,1441,ogpu,resident,0,16,0,3e-05,0.00199,0.087889,1.288767,0.01313,0.00018,3e-05,1.392016,1.21884
1919,1079,2561,1441,ogpu,resident,0,17,1,3e-05,0.00162,0.109759,1.289167,0.01415,0.00024,3e-05,1.414996,1.2234
1919,1079,2561,1441,ogpu,resident,0,18,0,3e-05,0.00178,0.0773,1.314547,0.01574,0.00027,3e-05,1.409697,1.21972
1919,1079,2561,1441,ogpu,resident,0,19,1,4e-05,0.00184,0.085169,1.301277,0.01412,0.00022,3e-05,1.402696,1.2194
1919,1079,2561,1441,ogpu,resident,0,20,0,3e-05,0.00158,0.084389,1.323628,0.024919,0.00032,4e-05,1.434906,1.2186
1919,1079,2561,1441,ogpu,resident,0,21,1,3e-05,0.0019,0.119259,1.298698,0.024499,0.00029,4e-05,1.444716,1.2206
1919,1079,2561,1441,ogpu,resident,0,22,0,6e-05,0.00472,0.113329,1.296808,0.024439,0.00028,4e-05,1.439676,1.21984
1919,1079,2561,1441,ogpu,resident,0,23,1,2e-05,0.00466,0.127209,1.298598,0.025039,0.00027,3e-05,1.455826,1.22016
1919,1079,2561,1441,ogpu,resident,0,24,0,3e-05,0.00472,0.112479,1.318238,0.027459,0.00027,3e-05,1.463226,1.22
1919,1079,2561,1441,ogpu,resident,0,25,1,4e-05,0.00213,0.105599,1.293118,0.020389,0.00026,3e-05,1.421566,1.22032
1919,1079,2561,1441,ogpu,resident,0,26,0,3e-05,0.00183,0.097119,1.293378,0.01908,0.00021,3e-05,1.411677,1.22056
1919,1079,2561,1441,ogpu,resident,0,27,1,3e-05,0.00192,0.109059,1.286067,0.01808,0.0002,3e-05,1.415386,1.22092
1919,1079,2561,1441,ogpu,resident,0,28,0,2e-05,0.00166,0.103019,1.285988,0.0185,0.00026,2e-05,1.409467,1.22052
1919,1079,2561,1441,ogpu,resident,0,29,1,3e-05,0.00171,0.096369,1.308077,0.02023,0.00031,3e-05,1.426756,1.22016
1919,1079,2561,1441,ogpu,resident,0,30,0,4e-05,0.00234,0.106289,1.287057,0.01428,0.00024,3e-05,1.410276,1.22012
1919,1079,2561,1441,ogpu,resident,0,31,1,3e-05,0.00165,0.075029,1.336648,0.024159,0.00036,5e-05,1.437926,1.22136
1919,1079,2561,1441,ogpu,resident,0,32,0,4e-05,0.00267,0.131869,1.287817,0.01453,0.00026,4e-05,1.437226,1.2208
1919,1079,2561,1441,ogpu,resident,0,33,1,3e-05,0.00184,0.076989,1.309038,0.01531,0.00027,3e-05,1.403507,1.22128
1919,1079,2561,1441,ogpu,resident,0,34,0,6e-05,0.00181,0.085179,1.309317,0.01402,0.00021,3e-05,1.410626,1.2276
1919,1079,2561,1441,ogpu,resident,0,35,1,3e-05,0.00156,0.07408,1.337986,0.02033,0.00032,4e-05,1.434346,1.21988
1919,1079,2561,1441,ogpu,resident,0,36,0,3e-05,0.0021,0.095709,1.288078,0.01499,0.00028,3e-05,1.401217,1.21936
1919,1079,2561,1441,ogpu,resident,0,37,1,3e-05,0.00205,0.077319,1.313627,0.01862,0.00028,3e-05,1.411956,1.22024
1919,1079,2561,1441,ogpu,resident,0,38,0,3e-05,0.00198,0.091189,1.293318,0.018359,0.00032,5e-05,1.405246,1.2206
1919,1079,2561,1441,ogpu,resident,0,39,1,4e-05,0.00243,0.08594,1.291167,0.01648,0.00025,3e-05,1.396337,1.2202
1919,1079,2561,1441,native,resident,0,10,0,2e-05,0.055089,0.0159,1.335117,0.01599,4e-05,3e-05,1.422186,1.22016
1919,1079,2561,1441,native,resident,0,11,1,3e-05,0.101949,0.02615,1.305277,0.01731,4e-05,3e-05,1.450786,1.22188
1919,1079,2561,1441,native,resident,0,12,0,2e-05,0.067709,0.02151,1.304497,0.01688,6e-05,3e-05,1.410706,1.22028
1919,1079,2561,1441,native,resident,0,13,1,2e-05,0.088019,0.02442,1.296358,0.016019,7e-05,3e-05,1.424936,1.22336
1919,1079,2561,1441,native,resident,0,14,0,2e-05,0.07637,0.024819,1.293068,0.01662,5e-05,3e-05,1.410977,1.22124
1919,1079,2561,1441,native,resident,0,15,1,3e-05,0.077699,0.01959,1.304587,0.01495,3e-05,3e-05,1.416916,1.2222
1919,1079,2561,1441,native,resident,0,16,0,3e-05,0.060109,0.01776,1.306748,0.01316,3e-05,2e-05,1.397857,1.22668
1919,1079,2561,1441,native,resident,0,17,1,2e-05,0.056919,0.01631,1.333557,0.01928,7e-05,3e-05,1.426186,1.22092
1919,1079,2561,1441,native,resident,0,18,0,3e-05,0.086369,0.0218,1.295227,0.01623,9e-05,3e-05,1.419776,1.22124
1919,1079,2561,1441,native,resident,0,19,1,3e-05,0.078759,0.01934,1.292198,0.015619,6e-05,3e-05,1.406036,1.22096
1919,1079,2561,1441,native,resident,0,20,0,2e-05,0.07422,0.019089,1.294678,0.01578,4e-05,3e-05,1.403857,1.21984
1919,1079,2561,1441,native,resident,0,21,1,3e-05,0.074879,0.0186,1.294068,0.016069,6e-05,3e-05,1.403736,1.22144
1919,1079,2561,1441,native,resident,0,22,0,2e-05,0.07499,0.018819,1.299538,0.0208,4e-05,4e-05,1.414247,1.21904
1919,1079,2561,1441,native,resident,0,23,1,3e-05,0.094489,0.02088,1.294107,0.0166,4e-05,3e-05,1.426176,1.2188
1919,1079,2561,1441,native,resident,0,24,0,2e-05,0.072889,0.01874,1.291217,0.01585,6e-05,3e-05,1.398806,1.22008
1919,1079,2561,1441,native,resident,0,25,1,4e-05,0.07747,0.021339,1.786983,0.01564,6e-05,3e-05,1.901562,1.21952
1919,1079,2561,1441,native,resident,0,26,0,3e-05,0.076879,0.01794,1.302167,0.01771,7e-05,3e-05,1.414826,1.21936
1919,1079,2561,1441,native,resident,0,27,1,3e-05,0.077649,0.01988,1.292618,0.01596,7e-05,2e-05,1.406227,1.22068
1919,1079,2561,1441,native,resident,0,28,0,3e-05,0.076699,0.01887,1.298037,0.01999,5e-05,3e-05,1.413706,1.21932
1919,1079,2561,1441,native,resident,0,29,1,3e-05,0.090249,0.02198,1.291607,0.01566,5e-05,3e-05,1.419606,1.22012
1919,1079,2561,1441,native,resident,0,30,0,3e-05,0.084909,0.01978,1.293298,0.01616,5e-05,3e-05,1.414257,1.22144
1919,1079,2561,1441,native,resident,0,31,1,3e-05,0.075049,0.01917,1.292177,0.01552,6e-05,3e-05,1.402036,1.22092
1919,1079,2561,1441,native,resident,0,32,0,3e-05,0.074539,0.01879,1.291558,0.01587,4e-05,3e-05,1.400857,1.22016
1919,1079,2561,1441,native,resident,0,33,1,6e-05,0.075149,0.01893,1.306757,0.02055,5e-05,4e-05,1.421536,1.21932
1919,1079,2561,1441,native,resident,0,34,0,3e-05,0.095149,0.02217,1.314237,0.0171,5e-05,3e-05,1.448766,1.21972
1919,1079,2561,1441,native,resident,0,35,1,3e-05,0.075549,0.0221,1.281357,0.01297,4e-05,2e-05,1.392066,1.21936
1919,1079,2561,1441,native,resident,0,36,0,2e-05,0.06502,0.019389,1.314328,0.01557,4e-05,3e-05,1.414397,1.21996
1919,1079,2561,1441,native,resident,0,37,1,3e-05,0.066189,0.02475,1.293267,0.01371,4e-05,3e-05,1.398016,1.22016
1919,1079,2561,1441,native,resident,0,38,0,2e-05,0.05738,0.016949,1.320568,0.01494,5e-05,3e-05,1.409937,1.22132
1919,1079,2561,1441,native,resident,0,39,1,3e-05,0.064349,0.01886,1.318307,0.01306,5e-05,2e-05,1.414676,1.22236
1919,1079,2561,1441,native,end-to-end,0,10,0,0.427436,0.078379,0.01945,4.871183,0.02784,5e-05,0.814262,6.2386,4.64532
1919,1079,2561,1441,native,end-to-end,0,11,1,0.415496,0.079249,0.01937,4.870643,0.02373,5e-05,0.819222,6.22776,4.6756
1919,1079,2561,1441,native,end-to-end,0,12,0,0.419956,0.074779,0.0182,4.895402,0.01931,5e-05,0.808102,6.235799,4.69376
1919,1079,2561,1441,native,end-to-end,0,13,1,0.405426,0.07161,0.017409,4.849494,0.02008,4e-05,0.789662,6.153721,4.64608
1919,1079,2561,1441,native,end-to-end,0,14,0,0.425086,0.073249,0.018,4.856563,0.02581,4e-05,0.789922,6.18867,4.6402
1919,1079,2561,1441,native,end-to-end,0,15,1,0.418506,0.096079,0.0249,4.803133,0.0279,5e-05,0.793972,6.16454,4.65132
1919,1079,2561,1441,native,end-to-end,0,16,0,0.403627,0.077889,0.01845,4.871693,0.023699,5e-05,0.770693,6.166101,4.66272
1919,1079,2561,1441,native,end-to-end,0,17,1,0.390366,0.075289,0.01872,4.900163,0.02403,5e-05,0.817082,6.2257,4.69692
1919,1079,2561,1441,native,end-to-end,0,18,0,0.402476,0.081729,0.01887,4.852533,0.01872,5e-05,0.780662,6.15504,4.6602
1919,1079,2561,1441,native,end-to-end,0,19,1,0.397797,0.078649,0.01973,4.903332,0.04511,8e-05,0.847711,6.292409,4.6426
1919,1079,2561,1441,native,end-to-end,0,20,0,0.411086,0.09228,0.018819,4.725125,0.019689,4e-05,0.773883,6.040922,4.64812
1919,1079,2561,1441,native,end-to-end,0,21,1,0.395876,0.088059,0.02159,4.840573,0.01726,4e-05,0.787632,6.15103,4.64492
1919,1079,2561,1441,native,end-to-end,0,22,0,0.410987,0.078879,0.01936,4.872333,0.021229,4e-05,0.772533,6.175361,4.68464
1919,1079,2561,1441,native,end-to-end,0,23,1,0.375716,0.07115,0.01773,4.890812,0.01977,4e-05,0.755203,6.130421,4.685
1919,1079,2561,1441,native,end-to-end,0,24,0,0.363316,0.073369,0.01752,4.807994,0.020449,5e-05,0.749123,6.031821,4.66076
1919,1079,2561,1441,native,end-to-end,0,25,1,0.358807,0.071229,0.01712,4.868653,0.02332,6e-05,0.787452,6.126641,4.65748
1919,1079,2561,1441,native,end-to-end,0,26,0,0.381986,0.078289,0.01946,4.854004,0.02064,5e-05,0.761512,6.115941,4.65364
1919,1079,2561,1441,native,end-to-end,0,27,1,0.378886,0.07645,0.018529,4.850893,0.02404,6e-05,0.751323,6.100181,4.64488
1919,1079,2561,1441,native,end-to-end,0,28,0,0.374067,0.075689,0.0181,4.833893,0.01886,5e-05,0.763632,6.084291,4.63456
1919,1079,2561,1441,native,end-to-end,0,29,1,0.372757,0.075359,0.01772,4.841883,0.01885,4e-05,0.755992,6.082601,4.64236
1919,1079,2561,1441,native,end-to-end,0,30,0,0.367737,0.085869,0.021,4.828673,0.01819,4e-05,0.770553,6.092062,4.64064
1919,1079,2561,1441,native,end-to-end,0,31,1,0.373306,0.080379,0.01993,4.843683,0.02595,4e-05,0.764842,6.10813,4.64948
1919,1079,2561,1441,native,end-to-end,0,32,0,0.380777,0.076949,0.0192,4.901393,0.025159,6e-05,0.771553,6.175091,4.69204
1919,1079,2561,1441,native,end-to-end,0,33,1,0.373006,0.077329,0.0194,4.890043,0.01964,4e-05,0.764992,6.14445,4.69672
1919,1079,2561,1441,native,end-to-end,0,34,0,0.364847,0.072809,0.01814,4.855283,0.01943,4e-05,0.760433,6.090982,4.65344
1919,1079,2561,1441,native,end-to-end,0,35,1,0.358606,0.07929,0.018649,4.837514,0.020719,5e-05,0.780883,6.095711,4.64756
1919,1079,2561,1441,native,end-to-end,0,36,0,0.380806,0.100219,0.02509,4.825433,0.024,5e-05,0.765603,6.121201,4.64528
1919,1079,2561,1441,native,end-to-end,0,37,1,0.368816,0.077779,0.02033,4.840243,0.02355,5e-05,0.742613,6.073381,4.63916
1919,1079,2561,1441,native,end-to-end,0,38,0,0.366456,0.075849,0.01872,4.862113,0.03126,4e-05,0.823602,6.17804,4.6364
1919,1079,2561,1441,native,end-to-end,0,39,1,0.403846,0.087149,0.01984,4.857213,0.02,5e-05,0.804062,6.19216,4.66456
1919,1079,2561,1441,ogpu,end-to-end,0,10,0,0.356537,0.00288,0.093949,4.842403,0.02581,0.00029,0.777312,6.099181,4.64444
1919,1079,2561,1441,ogpu,end-to-end,0,11,1,0.367347,0.00274,0.091459,4.846583,0.02051,0.00035,0.754653,6.083642,4.64512
1919,1079,2561,1441,ogpu,end-to-end,0,12,0,0.356176,0.00365,0.133219,4.814363,0.01839,0.00027,0.785452,6.11152,4.6392
1919,1079,2561,1441,ogpu,end-to-end,0,13,1,0.436296,0.00467,0.138549,4.840533,0.02463,0.00044,0.887401,6.332519,4.65136
1919,1079,2561,1441,ogpu,end-to-end,0,14,0,0.444966,0.00385,0.152358,4.852544,0.02547,0.00045,0.899531,6.379169,4.69692
1919,1079,2561,1441,ogpu,end-to-end,0,15,1,0.409676,0.00281,0.106959,4.835713,0.01903,0.00046,0.815222,6.18987,4.6418
1919,1079,2561,1441,ogpu,end-to-end,0,16,0,0.408616,0.0034,0.121369,4.798693,0.01573,0.00061,0.805212,6.15363,4.6434
1919,1079,2561,1441,ogpu,end-to-end,0,17,1,0.393137,0.00324,0.109948,4.837444,0.017639,0.00036,0.823213,6.184981,4.65248
1919,1079,2561,1441,ogpu,end-to-end,0,18,0,0.383916,0.00291,0.098539,4.737924,0.01748,0.00033,0.800612,6.041711,4.65692
1919,1079,2561,1441,ogpu,end-to-end,0,19,1,0.391806,0.00249,0.093609,4.891603,0.01789,0.00034,0.787532,6.18527,4.689
1919,1079,2561,1441,ogpu,end-to-end,0,20,0,0.416657,0.00339,0.139008,4.804254,0.016939,0.00034,0.855482,6.23607,4.6632
1919,1079,2561,1441,ogpu,end-to-end,0,21,1,0.384946,0.00357,0.131129,4.856023,0.02318,0.00034,0.758343,6.157531,4.65012
1919,1079,2561,1441,ogpu,end-to-end,0,22,0,0.382506,0.00355,0.138009,4.752024,0.024389,0.00038,0.753683,6.054541,4.65376
1919,1079,2561,1441,ogpu,end-to-end,0,23,1,0.363146,0.00241,0.09259,4.849483,0.03063,0.00033,0.798022,6.136611,4.63524
1919,1079,2561,1441,ogpu,end-to-end,0,24,0,0.380636,0.00332,0.116419,4.842543,0.02344,0.00031,0.779972,6.14664,4.65036
1919,1079,2561,1441,ogpu,end-to-end,0,25,1,0.380927,0.00307,0.095869,4.865753,0.024099,0.00032,0.782723,6.152761,4.67096
1919,1079,2561,1441,ogpu,end-to-end,0,26,0,0.371576,0.00292,0.095589,4.897763,0.02395,0.0003,0.796882,6.18898,4.69168
1919,1079,2561,1441,ogpu,end-to-end,0,27,1,0.366946,0.00257,0.104639,4.845474,0.01944,0.00029,0.766292,6.105651,4.659
1919,1079,2561,1441,ogpu,end-to-end,0,28,0,0.362387,0.00252,0.090079,4.858013,0.017319,0.0003,0.769883,6.100501,4.64972
1919,1079,2561,1441,ogpu,end-to-end,0,29,1,0.378837,0.00296,0.098369,4.857563,0.028439,0.00032,0.751733,6.118221,4.63572
1919,1079,2561,1441,ogpu,end-to-end,0,30,0,0.373836,0.00257,0.097089,4.846223,0.02119,0.00027,0.753173,6.094351,4.64244
1919,1079,2561,1441,ogpu,end-to-end,0,31,1,0.378166,0.00278,0.097079,4.826844,0.02001,0.00028,0.773212,6.098371,4.6318
1919,1079,2561,1441,ogpu,end-to-end,0,32,0,0.373647,0.00292,0.108279,4.839503,0.020039,0.00028,0.760123,6.104791,4.64924
1919,1079,2561,1441,ogpu,end-to-end,0,33,1,0.372107,0.00294,0.095389,4.864312,0.02547,0.00036,0.864372,6.22495,4.66028
1919,1079,2561,1441,ogpu,end-to-end,0,34,0,0.466785,0.00361,0.156359,4.811233,0.02354,0.00028,0.803852,6.265659,4.69876
1919,1079,2561,1441,ogpu,end-to-end,0,35,1,0.402457,0.00257,0.096469,4.846463,0.040639,0.00038,0.807552,6.19653,4.64308
1919,1079,2561,1441,ogpu,end-to-end,0,36,0,0.413726,0.00252,0.096469,4.846514,0.02118,0.00026,0.812742,6.193411,4.64424
1919,1079,2561,1441,ogpu,end-to-end,0,37,1,0.413786,0.00289,0.107909,4.838503,0.0204,0.0003,0.793642,6.17743,4.6526
1919,1079,2561,1441,ogpu,end-to-end,0,38,0,0.398126,0.00245,0.091029,4.890923,0.0192,0.00032,0.782452,6.1845,4.69112
1919,1079,2561,1441,ogpu,end-to-end,0,39,1,0.383136,0.00232,0.100749,4.911153,0.04009,0.00503,0.798382,6.24086,4.69484
1280,720,2560,1440,ogpu,end-to-end,1,10,0,0.125169,0.00238,0.099229,3.576276,0.01717,0.0002,0.603194,4.423618,3.497
1280,720,2560,1440,ogpu,end-to-end,1,11,1,0.133119,0.00271,0.104148,3.582306,0.017209,0.00021,0.584445,4.424147,3.49632
1280,720,2560,1440,ogpu,end-to-end,1,12,0,0.122089,0.00241,0.091349,3.593915,0.01797,0.00023,0.604844,4.432807,3.50124
1280,720,2560,1440,ogpu,end-to-end,1,13,1,0.131979,0.00302,0.103939,3.581415,0.01716,0.00021,1.257218,5.094941,3.49792
1280,720,2560,1440,ogpu,end-to-end,1,14,0,0.284897,0.00659,0.167898,3.639055,0.01944,0.00037,1.320317,5.438567,3.51168
1280,720,2560,1440,ogpu,end-to-end,1,15,1,0.278827,0.0033,0.106099,3.750354,0.01683,0.00028,1.246658,5.402348,3.52556
1280,720,2560,1440,ogpu,end-to-end,1,16,0,0.270708,0.00303,0.101609,3.595835,0.021439,0.00033,1.07971,5.072661,3.51752
1280,720,2560,1440,ogpu,end-to-end,1,17,1,0.232708,0.00278,0.100299,3.751504,0.01763,0.00031,1.020979,5.12621,3.5166
1280,720,2560,1440,ogpu,end-to-end,1,18,0,0.222398,0.00289,0.099209,3.737364,0.01663,0.00027,0.991391,5.070152,3.5056
1280,720,2560,1440,ogpu,end-to-end,1,19,1,0.230197,0.00372,0.628764,3.636915,0.01704,0.0003,0.878401,5.395337,3.52068
1280,720,2560,1440,ogpu,end-to-end,1,20,0,0.152729,0.00274,0.110249,3.740014,0.02414,0.00032,0.765342,4.795534,3.50472
1280,720,2560,1440,ogpu,end-to-end,1,21,1,0.127199,0.00239,0.101709,3.580695,0.02125,0.00023,0.743233,4.576706,3.49976
1280,720,2560,1440,ogpu,end-to-end,1,22,0,0.136579,0.00279,0.116718,3.575216,0.020169,0.00031,0.737963,4.589745,3.49996
1280,720,2560,1440,ogpu,end-to-end,1,23,1,0.119019,0.00255,0.103139,3.580056,0.019249,0.00022,0.754913,4.579146,3.50236
1280,720,2560,1440,ogpu,end-to-end,1,24,0,0.143239,0.00291,0.117629,3.580125,0.02085,0.0003,0.716223,4.581276,3.50012
1280,720,2560,1440,ogpu,end-to-end,1,25,1,0.117259,0.00237,0.103249,3.592455,0.02315,0.00028,0.782112,4.620875,3.5088
1280,720,2560,1440,ogpu,end-to-end,1,26,0,0.136499,0.00246,0.102599,3.574635,0.01943,0.00028,0.721173,4.557076,3.49632
1280,720,2560,1440,ogpu,end-to-end,1,27,1,0.137249,0.00264,0.110619,3.579775,0.01888,0.00024,0.729213,4.578616,3.50184
1280,720,2560,1440,ogpu,end-to-end,1,28,0,0.124409,0.00218,0.093149,3.590195,0.01991,0.00027,0.706163,4.536276,3.50424
1280,720,2560,1440,ogpu,end-to-end,1,29,1,0.121489,0.00274,0.112709,3.592485,0.045759,0.00045,0.772943,4.648575,3.50324
1280,720,2560,1440,ogpu,end-to-end,1,30,0,0.137399,0.00265,0.106319,3.585885,0.03214,0.00028,0.733073,4.597746,3.50136
1280,720,2560,1440,ogpu,end-to-end,1,31,1,0.129048,0.00307,0.114879,3.587755,0.03044,0.00028,0.690954,4.556426,3.50096
1280,720,2560,1440,ogpu,end-to-end,1,32,0,0.136558,0.00241,0.099439,3.587956,0.02607,0.0003,0.718603,4.571336,3.50568
1280,720,2560,1440,ogpu,end-to-end,1,33,1,0.124868,0.0026,0.098949,3.579626,0.025359,0.00025,0.739733,4.571385,3.49896
1280,720,2560,1440,ogpu,end-to-end,1,34,0,0.136819,0.00274,0.116999,3.580885,0.02521,0.00025,0.692673,4.555576,3.50052
1280,720,2560,1440,ogpu,end-to-end,1,35,1,0.118979,0.00221,0.093689,3.600785,0.03046,0.00025,0.772193,4.618566,3.50372
1280,720,2560,1440,ogpu,end-to-end,1,36,0,0.145108,0.00319,0.122989,3.583526,0.025799,0.00026,0.796052,4.676924,3.50212
1280,720,2560,1440,ogpu,end-to-end,1,37,1,0.181009,0.00353,0.132898,3.583256,0.01762,0.0003,0.877871,4.796484,3.50496
1280,720,2560,1440,ogpu,end-to-end,1,38,0,0.199968,0.00498,0.132339,3.579005,0.01789,0.00025,0.885171,4.819603,3.49872
1280,720,2560,1440,ogpu,end-to-end,1,39,1,0.195588,0.0026,0.096919,3.642985,0.01654,0.0003,0.777693,4.732625,3.50964
1280,720,2560,1440,native,end-to-end,1,10,0,0.133659,0.099869,0.02786,3.586925,0.01919,4e-05,0.689413,4.556956,3.49856
1280,720,2560,1440,native,end-to-end,1,11,1,0.129859,0.079039,0.01923,3.576146,0.016939,3e-05,0.680144,4.501387,3.49656
1280,720,2560,1440,native,end-to-end,1,12,0,0.140268,0.07248,0.018559,3.597266,0.023239,6e-05,0.738183,4.590055,3.49744
1280,720,2560,1440,native,end-to-end,1,13,1,0.128659,0.076059,0.01807,3.577766,0.01628,4e-05,0.704053,4.520927,3.49796
1280,720,2560,1440,native,end-to-end,1,14,0,0.173368,0.097189,0.0229,3.581695,0.02144,5e-05,0.708393,4.605035,3.49992
1280,720,2560,1440,native,end-to-end,1,15,1,0.163149,0.111998,0.02189,3.583516,0.02364,4e-05,0.758012,4.662245,3.49916
1280,720,2560,1440,native,end-to-end,1,16,0,0.134119,0.096399,0.02441,3.577465,0.01944,4e-05,0.703883,4.555756,3.49836
1280,720,2560,1440,native,end-to-end,1,17,1,0.112439,0.100289,0.01921,3.579925,0.01895,4e-05,0.695163,4.526016,3.49712
1280,720,2560,1440,native,end-to-end,1,18,0,0.131789,0.095149,0.01855,3.576935,0.01872,4e-05,0.665814,4.506997,3.49828
1280,720,2560,1440,native,end-to-end,1,19,1,0.110879,0.082539,0.01775,3.588825,0.03752,5e-05,0.684173,4.521736,3.49768
1280,720,2560,1440,native,end-to-end,1,20,0,0.132159,0.084989,0.02243,3.590685,0.02396,4e-05,0.677143,4.531406,3.50756
1280,720,2560,1440,native,end-to-end,1,21,1,0.150939,0.112449,0.029639,3.585156,0.02606,5e-05,0.674393,4.578686,3.49808
1280,720,2560,1440,native,end-to-end,1,22,0,0.134929,0.102849,0.023739,3.582586,0.02587,5e-05,0.704853,4.574876,3.49796
1280,720,2560,1440,native,end-to-end,1,23,1,0.131279,0.092119,0.026199,3.578436,0.02698,3e-05,0.699563,4.554606,3.49776
1280,720,2560,1440,native,end-to-end,1,24,0,0.129048,0.07533,0.020219,3.593936,0.02142,4e-05,0.682333,4.522326,3.50528
1280,720,2560,1440,native,end-to-end,1,25,1,0.130789,0.090749,0.02625,3.586555,0.02581,4e-05,0.679243,4.539436,3.50336
1280,720,2560,1440,native,end-to-end,1,26,0,0.132599,0.076659,0.02291,3.575315,0.02522,3e-05,0.704193,4.536926,3.49984
1280,720,2560,1440,native,end-to-end,1,27,1,0.130469,0.090189,0.02542,3.583255,0.02375,4e-05,0.751183,4.604306,3.4952
1280,720,2560,1440,native,end-to-end,1,28,0,0.134728,0.129479,0.02351,3.591375,0.02643,5e-05,0.684063,4.589635,3.5032
1280,720,2560,1440,native,end-to-end,1,29,1,0.134629,0.076559,0.0207,3.588896,0.025619,5e-05,0.678364,4.524817,3.49956
1280,720,2560,1440,native,end-to-end,1,30,0,0.151178,0.090999,0.02615,3.594345,0.02547,4e-05,0.697383,4.585565,3.50036
1280,720,2560,1440,native,end-to-end,1,31,1,0.124499,0.078449,0.0231,3.580376,0.036669,5e-05,0.663104,4.506247,3.50216
1280,720,2560,1440,native,end-to-end,1,32,0,0.137439,0.089039,0.027029,3.580556,0.02418,4e-05,0.669723,4.528006,3.49888
1280,720,2560,1440,native,end-to-end,1,33,1,0.121479,0.071649,0.02174,3.597655,0.0242,4e-05,0.697083,4.533846,3.49968
1280,720,2560,1440,native,end-to-end,1,34,0,0.135669,0.089249,0.02636,3.593945,0.04024,6e-05,0.912591,4.798114,3.49756
1280,720,2560,1440,native,end-to-end,1,35,1,0.159768,0.099709,0.02279,3.615485,0.03348,5e-05,0.733573,4.664855,3.501
1280,720,2560,1440,native,end-to-end,1,36,0,0.145228,0.079839,0.02474,3.588896,0.025899,5e-05,0.717483,4.582135,3.50412
1280,720,2560,1440,native,end-to-end,1,37,1,0.138249,0.090549,0.02969,3.589255,0.02597,4e-05,0.743683,4.617436,3.49976
1280,720,2560,1440,native,end-to-end,1,38,0,0.150438,0.07709,0.023569,3.606996,0.025289,4e-05,0.780083,4.663505,3.49664
1280,720,2560,1440,native,end-to-end,1,39,1,0.148138,0.07531,0.02267,3.613395,0.025669,5e-05,0.756713,4.641945,3.49528
1280,720,2560,1440,native,resident,1,10,0,3e-05,0.06523,0.019489,0.873982,0.01368,4e-05,2e-05,0.972471,0.76756
1280,720,2560,1440,native,resident,1,11,1,3e-05,0.060629,0.01644,0.839772,0.016,4e-05,3e-05,0.932941,0.76216
1280,720,2560,1440,native,resident,1,12,0,3e-05,0.064829,0.01929,0.858512,0.016409,3e-05,3e-05,0.95913,0.7524
1280,720,2560,1440,native,resident,1,13,1,3e-05,0.05969,0.01657,0.816512,0.01374,3e-05,3e-05,0.906602,0.74704
1280,720,2560,1440,native,resident,1,14,0,3e-05,0.055979,0.0168,0.860902,0.016459,4e-05,3e-05,0.95024,0.74436
1280,720,2560,1440,native,resident,1,15,1,3e-05,0.07012,0.01838,0.836232,0.019949,5e-05,3e-05,0.944791,0.74288
1280,720,2560,1440,native,resident,1,16,0,3e-05,0.08314,0.024239,0.822492,0.01763,4e-05,3e-05,0.947601,0.7418
1280,720,2560,1440,native,resident,1,17,1,3e-05,0.073819,0.02036,0.811453,0.015219,4e-05,2e-05,0.920941,0.74344
1280,720,2560,1440,native,resident,1,18,0,3e-05,0.05823,0.01725,0.850441,0.01484,4e-05,2e-05,0.940851,0.74372
1280,720,2560,1440,native,resident,1,19,1,2e-05,0.05887,0.016359,0.822933,0.01467,4e-05,2e-05,0.912912,0.7424
1280,720,2560,1440,native,resident,1,20,0,3e-05,0.060259,0.01711,0.843242,0.014109,4e-05,2e-05,0.93481,0.74192
1280,720,2560,1440,native,resident,1,21,1,2e-05,0.06536,0.01607,0.817981,0.01611,4e-05,3e-05,0.915611,0.74208
1280,720,2560,1440,native,resident,1,22,0,3e-05,0.06674,0.019779,0.829753,0.01402,3e-05,3e-05,0.930382,0.74272
1280,720,2560,1440,native,resident,1,23,1,3e-05,0.143308,0.03015,0.814002,0.01945,4e-05,2e-05,1.007,0.74332
1280,720,2560,1440,native,resident,1,24,0,3e-05,0.067499,0.01721,0.817112,0.01349,3e-05,3e-05,0.915401,0.74176
1280,720,2560,1440,native,resident,1,25,1,2e-05,0.058209,0.01554,0.810322,0.01539,4e-05,3e-05,0.899551,0.74108
1280,720,2560,1440,native,resident,1,26,0,3e-05,0.06596,0.018749,0.825812,0.01348,4e-05,2e-05,0.924091,0.74208
1280,720,2560,1440,native,resident,1,27,1,3e-05,0.05734,0.01496,0.804552,0.01351,3e-05,2e-05,0.890442,0.74124
1280,720,2560,1440,native,resident,1,28,0,3e-05,0.102849,0.02243,0.816012,0.01771,5e-05,3e-05,0.959111,0.74012
1280,720,2560,1440,native,resident,1,29,1,3e-05,0.07079,0.02057,0.808562,0.01377,3e-05,2e-05,0.913772,0.741
1280,720,2560,1440,native,resident,1,30,0,3e-05,0.059169,0.01576,0.808522,0.01385,3e-05,3e-05,0.897391,0.742
1280,720,2560,1440,native,resident,1,31,1,3e-05,0.058879,0.01571,0.808322,0.01362,4e-05,3e-05,0.896631,0.74404
1280,720,2560,1440,native,resident,1,32,0,2e-05,0.05719,0.015369,0.805033,0.01857,3e-05,3e-05,0.896242,0.74228
1280,720,2560,1440,native,resident,1,33,1,3e-05,0.056029,0.0163,0.844552,0.015209,4e-05,3e-05,0.93219,0.7426
1280,720,2560,1440,native,resident,1,34,0,3e-05,0.07094,0.01818,0.809582,0.01377,4e-05,3e-05,0.912572,0.74212
1280,720,2560,1440,native,resident,1,35,1,2e-05,0.059779,0.01633,0.845552,0.01606,4e-05,4e-05,0.937821,0.74444
1280,720,2560,1440,native,resident,1,36,0,3e-05,0.082849,0.02114,0.808842,0.01388,4e-05,3e-05,0.926811,0.74128
1280,720,2560,1440,native,resident,1,37,1,3e-05,0.059229,0.01531,0.804782,0.01356,3e-05,3e-05,0.892971,0.74
1280,720,2560,1440,native,resident,1,38,0,2e-05,0.05746,0.016299,0.804973,0.015059,4e-05,3e-05,0.893881,0.7418
1280,720,2560,1440,native,resident,1,39,1,3e-05,0.06783,0.01791,0.812822,0.0155,4e-05,3e-05,0.914162,0.7434
1280,720,2560,1440,ogpu,resident,1,10,0,4e-05,0.00184,0.087999,0.845302,0.01327,0.00021,3e-05,0.948691,0.7712
1280,720,2560,1440,ogpu,resident,1,11,1,3e-05,0.0016,0.643793,0.851282,0.01459,0.00018,3e-05,1.511505,0.757
1280,720,2560,1440,ogpu,resident,1,12,0,3e-05,0.00159,0.074639,0.875382,0.01688,0.00022,4e-05,0.968781,0.75648
1280,720,2560,1440,ogpu,resident,1,13,1,4e-05,0.00188,0.088219,0.820032,0.01407,0.00017,4e-05,0.924451,0.75192
1280,720,2560,1440,ogpu,resident,1,14,0,3e-05,0.00148,0.081609,0.853232,0.016719,0.00019,4e-05,0.9533,0.74268
1280,720,2560,1440,ogpu,resident,1,15,1,3e-05,0.00186,0.09659,0.813242,0.014089,0.00018,3e-05,0.926021,0.74212
1280,720,2560,1440,ogpu,resident,1,16,0,3e-05,0.00151,0.07435,0.861841,0.01696,0.00021,4e-05,0.954941,0.7456
1280,720,2560,1440,ogpu,resident,1,17,1,3e-05,0.00189,0.088269,0.816932,0.01438,0.00017,3e-05,0.921701,0.74708
1280,720,2560,1440,ogpu,resident,1,18,0,3e-05,0.00159,0.07383,0.855821,0.01728,0.00022,3e-05,0.948801,0.74084
1280,720,2560,1440,ogpu,resident,1,19,1,3e-05,0.00185,0.086959,0.810543,0.013939,0.00016,3e-05,0.913511,0.74172
1280,720,2560,1440,ogpu,resident,1,20,0,3e-05,0.00156,0.07473,0.857901,0.01769,0.00022,3e-05,0.952161,0.74228
1280,720,2560,1440,ogpu,resident,1,21,1,3e-05,0.00189,0.088869,0.818972,0.01645,0.00021,4e-05,0.926461,0.74308
1280,720,2560,1440,ogpu,resident,1,22,0,3e-05,0.00176,0.083219,0.812182,0.01387,0.0002,3e-05,0.911291,0.74204
1280,720,2560,1440,ogpu,resident,1,23,1,3e-05,0.00155,0.07533,0.846341,0.01477,0.00017,2e-05,0.938211,0.7416
1280,720,2560,1440,ogpu,resident,1,24,0,3e-05,0.00151,0.074329,0.832373,0.016759,0.00022,4e-05,0.925261,0.74136
1280,720,2560,1440,ogpu,resident,1,25,1,4e-05,0.00217,0.08566,0.824911,0.0148,0.0002,3e-05,0.927811,0.74204
1280,720,2560,1440,ogpu,resident,1,26,0,3e-05,0.00163,0.08044,0.810192,0.01441,0.00019,3e-05,0.906922,0.74112
1280,720,2560,1440,ogpu,resident,1,27,1,3e-05,0.00164,0.076459,0.816252,0.512975,0.00024,3e-05,1.407626,0.74316
1280,720,2560,1440,ogpu,resident,1,28,0,4e-05,0.00199,0.085039,0.812052,0.01439,0.00019,3e-05,0.913731,0.74092
1280,720,2560,1440,ogpu,resident,1,29,1,3e-05,0.00156,0.07861,0.815332,0.014539,0.00015,3e-05,0.910251,0.7446
1280,720,2560,1440,ogpu,resident,1,30,0,3e-05,0.0016,0.07618,0.812682,0.01417,0.00016,3e-05,0.904852,0.74276
1280,720,2560,1440,ogpu,resident,1,31,1,3e-05,0.00183,0.074849,0.841402,0.0145,0.00017,3e-05,0.932811,0.739
1280,720,2560,1440,ogpu,resident,1,32,0,3e-05,0.00158,0.075609,0.811452,0.0143,0.00017,3e-05,0.903171,0.74172
1280,720,2560,1440,ogpu,resident,1,33,1,3e-05,0.00163,0.075439,0.845752,0.02395,0.00021,3e-05,0.947041,0.7422
1280,720,2560,1440,ogpu,resident,1,34,0,3e-05,0.00179,0.089659,0.811432,0.01495,0.00018,2e-05,0.918061,0.74216
1280,720,2560,1440,ogpu,resident,1,35,1,3e-05,0.00153,0.082389,0.817812,0.01656,0.00022,4e-05,0.918581,0.74316
1280,720,2560,1440,ogpu,resident,1,36,0,4e-05,0.00184,0.086649,0.823432,0.0146,0.00018,3e-05,0.926771,0.74008
1280,720,2560,1440,ogpu,resident,1,37,1,3e-05,0.00154,0.077259,0.817322,0.01657,0.00021,4e-05,0.912971,0.74232
1280,720,2560,1440,ogpu,resident,1,38,0,3e-05,0.00182,0.093779,0.818722,0.01527,0.00017,2e-05,0.929811,0.74296
1280,720,2560,1440,ogpu,resident,1,39,1,3e-05,0.00165,0.07684,0.813402,0.016569,0.00019,4e-05,0.908721,0.74208
1920,1080,960,540,native,end-to-end,1,10,0,0.316077,0.087789,0.01804,2.499406,0.017309,5e-05,0.178099,3.11677,2.4134
1920,1080,960,540,native,end-to-end,1,11,1,0.774892,0.131269,0.026969,2.512436,0.02339,7e-05,0.164298,3.633324,2.41964
1920,1080,960,540,native,end-to-end,1,12,0,0.716593,0.10026,0.026419,2.507996,0.02193,6e-05,0.154388,3.527646,2.4188
1920,1080,960,540,native,end-to-end,1,13,1,0.666024,0.111769,0.02604,2.488005,0.01612,4e-05,0.142599,3.450597,2.41304
1920,1080,960,540,native,end-to-end,1,14,0,0.616634,0.080039,0.02139,2.490096,0.01664,6e-05,0.141638,3.366497,2.4132
1920,1080,960,540,native,end-to-end,1,15,1,0.578535,0.112579,0.024789,2.500276,0.01682,5e-05,0.110329,3.343378,2.41808
1920,1080,960,540,native,end-to-end,1,16,0,0.399776,0.093219,0.02036,2.486366,0.0146,5e-05,0.078589,3.09296,2.41376
1920,1080,960,540,native,end-to-end,1,17,1,0.276858,0.079109,0.01792,2.491156,0.016119,4e-05,0.07663,2.957832,2.414
1920,1080,960,540,native,end-to-end,1,18,0,0.272777,0.080799,0.01876,2.500936,0.01679,5e-05,0.074119,2.964231,2.41368
1920,1080,960,540,native,end-to-end,1,19,1,0.247477,0.07043,0.01642,2.489666,0.015989,5e-05,0.07345,2.913482,2.41304
1920,1080,960,540,native,end-to-end,1,20,0,0.261997,0.08021,0.018749,2.485526,0.01443,4e-05,0.07394,2.934892,2.41296
1920,1080,960,540,native,end-to-end,1,21,1,0.270767,0.084979,0.01975,2.491336,0.01595,5e-05,0.073169,2.956001,2.41728
1920,1080,960,540,native,end-to-end,1,22,0,0.264607,0.079739,0.01905,2.489636,0.0143,4e-05,0.070739,2.938111,2.41332
1920,1080,960,540,native,end-to-end,1,23,1,0.253278,0.085119,0.02018,2.491306,0.01598,4e-05,0.087949,2.953852,2.41428
1920,1080,960,540,native,end-to-end,1,24,0,0.352867,0.122498,0.02721,2.493966,0.01744,5e-05,0.082229,3.09626,2.4146
1920,1080,960,540,native,end-to-end,1,25,1,0.286667,0.085669,0.01979,2.511416,0.02288,7e-05,0.089559,3.016051,2.413
1920,1080,960,540,native,end-to-end,1,26,0,0.320567,0.090359,0.01838,2.489696,0.01594,6e-05,0.074229,3.009231,2.41368
1920,1080,960,540,native,end-to-end,1,27,1,0.258947,0.07995,0.018839,2.487606,0.01439,4e-05,0.069649,2.929421,2.41292
1920,1080,960,540,native,end-to-end,1,28,0,0.228208,0.07089,0.016799,2.488566,0.01589,5e-05,0.074309,2.894712,2.4142
1920,1080,960,540,native,end-to-end,1,29,1,0.254928,0.077229,0.01588,2.486386,0.0137,4e-05,0.072449,2.920612,2.41344
1920,1080,960,540,native,end-to-end,1,30,0,0.230138,0.070549,0.01637,2.492226,0.01541,5e-05,0.084239,2.908982,2.41612
1920,1080,960,540,native,end-to-end,1,31,1,0.258248,0.080849,0.01952,2.496665,0.01907,5e-05,0.093819,2.968221,2.41312
1920,1080,960,540,native,end-to-end,1,32,0,0.270598,0.088239,0.02263,2.496615,0.02238,7e-05,0.113039,3.013571,2.41196
1920,1080,960,540,native,end-to-end,1,33,1,0.349527,0.105279,0.02366,2.521225,0.0277,5e-05,0.086789,3.11423,2.41308
1920,1080,960,540,native,end-to-end,1,34,0,0.261828,0.104739,0.023339,2.514046,0.03402,6e-05,0.083789,3.021821,2.415
1920,1080,960,540,native,end-to-end,1,35,1,0.268977,0.097679,0.01913,2.500126,0.02599,4e-05,0.085019,2.996961,2.41416
1920,1080,960,540,native,end-to-end,1,36,0,0.259197,0.09636,0.019969,2.497706,0.02515,4e-05,0.083089,2.981511,2.41208
1920,1080,960,540,native,end-to-end,1,37,1,0.247778,0.079869,0.02062,2.510326,0.024679,4e-05,0.086249,2.969561,2.41864
1920,1080,960,540,native,end-to-end,1,38,0,0.257628,0.094179,0.02074,2.519915,0.02814,6e-05,0.090149,3.010811,2.41272
1920,1080,960,540,native,end-to-end,1,39,1,0.266068,0.096759,0.01813,2.503796,0.019969,5e-05,0.09434,2.999112,2.41344
1920,1080,960,540,ogpu,end-to-end,1,10,0,0.243218,0.00328,0.115119,2.517705,0.0232,0.00034,0.111129,3.013991,2.41452
1920,1080,960,540,ogpu,end-to-end,1,11,1,0.293607,0.00325,0.102169,2.494496,0.01779,0.00028,0.081869,2.993461,2.41348
1920,1080,960,540,ogpu,end-to-end,1,12,0,0.284497,0.00276,0.102589,2.491636,0.01632,0.00024,0.079529,2.977571,2.41368
1920,1080,960,540,ogpu,end-to-end,1,13,1,0.256438,0.00269,0.104329,2.514855,0.01601,0.00026,0.08089,2.975472,2.41396
1920,1080,960,540,ogpu,end-to-end,1,14,0,0.283817,0.00269,0.099209,2.484616,0.01962,0.00023,0.075179,2.965361,2.41464
1920,1080,960,540,ogpu,end-to-end,1,15,1,0.238748,0.00232,0.087389,2.486586,0.01545,0.00028,0.078679,2.909452,2.41284
1920,1080,960,540,ogpu,end-to-end,1,16,0,0.262227,0.00258,0.098859,2.492756,0.01609,0.00031,0.080599,2.953421,2.4144
1920,1080,960,540,ogpu,end-to-end,1,17,1,0.292087,0.00269,0.100599,2.497186,0.01618,0.00027,0.07843,2.987442,2.41884
1920,1080,960,540,ogpu,end-to-end,1,18,0,0.267167,0.00277,0.125919,2.490106,0.016299,0.00035,0.08012,2.982731,2.41428
1920,1080,960,540,ogpu,end-to-end,1,19,1,0.263527,0.00308,0.101719,2.488976,0.01597,0.00027,0.087569,2.961111,2.41244
1920,1080,960,540,ogpu,end-to-end,1,20,0,0.291987,0.00261,0.101149,2.491656,0.0154,0.00026,0.078229,2.981291,2.41352
1920,1080,960,540,ogpu,end-to-end,1,21,1,0.258498,0.00263,0.095779,2.511935,0.02625,0.00035,0.100269,2.995711,2.41368
1920,1080,960,540,ogpu,end-to-end,1,22,0,0.295497,0.00346,0.125619,2.489836,0.02203,0.00027,0.085819,3.022531,2.41292
1920,1080,960,540,ogpu,end-to-end,1,23,1,0.296117,0.00289,0.123199,2.509786,0.02409,0.00037,0.087989,3.044441,2.41456
1920,1080,960,540,ogpu,end-to-end,1,24,0,0.286757,0.00307,0.111219,2.491886,0.021219,0.00037,0.08579,3.000311,2.41576
1920,1080,960,540,ogpu,end-to-end,1,25,1,0.302377,0.00299,0.122228,2.503096,0.02335,0.00044,0.085119,3.0396,2.41392
1920,1080,960,540,ogpu,end-to-end,1,26,0,0.282727,0.00334,0.125199,2.497356,0.0206,0.00028,0.165568,3.09507,2.41336
1920,1080,960,540,ogpu,end-to-end,1,27,1,0.335977,0.00317,0.107049,2.489416,0.03085,0.00038,0.083589,3.050431,2.41396
1920,1080,960,540,ogpu,end-to-end,1,28,0,0.254597,0.00277,0.120919,2.502346,0.02874,0.00035,0.087469,2.997191,2.41304
1920,1080,960,540,ogpu,end-to-end,1,29,1,0.268937,0.00315,0.104749,2.487716,0.01561,0.00026,0.089679,2.970101,2.41284
1920,1080,960,540,ogpu,end-to-end,1,30,0,0.255848,0.00244,0.099329,2.489966,0.01677,0.00027,0.088409,2.953032,2.41228
1920,1080,960,540,ogpu,end-to-end,1,31,1,0.260147,0.00287,0.103929,2.486266,0.01531,0.00026,0.080459,2.949241,2.4136
1920,1080,960,540,ogpu,end-to-end,1,32,0,0.289497,0.00262,0.098309,2.501216,0.01842,0.00034,0.093799,3.004201,2.41336
1920,1080,960,540,ogpu,end-to-end,1,33,1,0.277107,0.00327,0.116149,2.488656,0.01678,0.00027,0.086499,2.988731,2.41324
1920,1080,960,540,ogpu,end-to-end,1,34,0,0.277698,0.00312,0.139398,2.487606,0.01612,0.00028,0.084979,3.009201,2.41312
1920,1080,960,540,ogpu,end-to-end,1,35,1,0.292247,0.00274,0.102139,2.502826,0.01634,0.00029,0.085639,3.002221,2.41316
1920,1080,960,540,ogpu,end-to-end,1,36,0,0.268127,0.00276,0.101969,2.485077,0.015249,0.00023,0.0814,2.954812,2.41256
1920,1080,960,540,ogpu,end-to-end,1,37,1,0.272037,0.00262,0.099609,2.483216,0.01436,0.00025,0.085829,2.957921,2.41388
1920,1080,960,540,ogpu,end-to-end,1,38,0,0.258257,0.00248,0.08785,2.490475,0.01575,0.00025,0.082799,2.937861,2.41368
1920,1080,960,540,ogpu,end-to-end,1,39,1,0.273498,0.00257,0.097869,2.492076,0.01712,0.00027,0.084199,2.967602,2.41424
1920,1080,960,540,ogpu,resident,1,10,0,3e-05,0.00189,0.082579,1.05134,0.014069,0.00018,2e-05,1.150108,0.9878
1920,1080,960,540,ogpu,resident,1,11,1,3e-05,0.0016,0.0736,1.02748,0.01624,0.00025,3e-05,1.11923,0.95864
1920,1080,960,540,ogpu,resident,1,12,0,3e-05,0.00186,0.084099,1.03091,0.0131,0.00015,3e-05,1.130179,0.93824
1920,1080,960,540,ogpu,resident,1,13,1,3e-05,0.00149,0.072699,1.0063,0.01647,0.00029,3e-05,1.097309,0.93256
1920,1080,960,540,ogpu,resident,1,14,0,3e-05,0.00209,0.089749,1.017771,0.013209,0.00018,3e-05,1.123059,0.93412
1920,1080,960,540,ogpu,resident,1,15,1,3e-05,0.00152,0.07412,1.00117,0.01358,0.0002,3e-05,1.09065,0.9324
1920,1080,960,540,ogpu,resident,1,16,0,3e-05,0.00172,0.073879,0.99601,0.01264,0.00018,3e-05,1.084489,0.93332
1920,1080,960,540,ogpu,resident,1,17,1,3e-05,0.00155,0.077079,1.04488,0.01528,0.00023,3e-05,1.139079,0.93304
1920,1080,960,540,ogpu,resident,1,18,0,3e-05,0.00187,0.087059,1.000111,0.013799,0.0002,2e-05,1.103089,0.93308
1920,1080,960,540,ogpu,resident,1,19,1,3e-05,0.00173,0.07462,0.99626,0.01234,0.0002,3e-05,1.08521,0.93376
1920,1080,960,540,ogpu,resident,1,20,0,3e-05,0.00156,0.070529,1.05062,0.01582,0.00023,3e-05,1.138819,0.93444
1920,1080,960,540,ogpu,resident,1,21,1,3e-05,0.00185,0.085029,1.003791,0.012729,0.00021,2e-05,1.103659,0.93536
1920,1080,960,540,ogpu,resident,1,22,0,3e-05,0.00154,0.07252,1.0141,0.01519,0.00019,3e-05,1.1036,0.9322
1920,1080,960,540,ogpu,resident,1,23,1,4e-05,0.00188,0.083389,1.00311,0.01388,0.00022,3e-05,1.102549,0.93504
1920,1080,960,540,ogpu,resident,1,24,0,3e-05,0.00185,0.076519,1.00345,0.0151,0.00022,4e-05,1.097209,0.933
1920,1080,960,540,ogpu,resident,1,25,1,3e-05,0.00182,0.083649,0.995841,0.01235,0.00021,2e-05,1.09392,0.9328
1920,1080,960,540,ogpu,resident,1,26,0,3e-05,0.0015,0.076699,1.01854,0.01625,0.0003,4e-05,1.113359,0.93228
1920,1080,960,540,ogpu,resident,1,27,1,4e-05,0.00203,0.093039,1.01675,0.01686,0.00029,3e-05,1.129039,0.9328
1920,1080,960,540,ogpu,resident,1,28,0,3e-05,0.00223,0.07992,1.00241,0.01386,0.00023,4e-05,1.09872,0.93424
1920,1080,960,540,ogpu,resident,1,29,1,2e-05,0.00173,0.076809,0.9945,0.01323,0.00018,2e-05,1.086489,0.93196
1920,1080,960,540,ogpu,resident,1,30,0,2e-05,0.00162,0.073509,1.003801,0.016279,0.00024,3e-05,1.095499,0.93408
1920,1080,960,540,ogpu,resident,1,31,1,3e-05,0.00196,0.07853,1.02432,0.01403,0.0002,2e-05,1.11909,0.9376
1920,1080,960,540,ogpu,resident,1,32,0,3e-05,0.00152,0.072739,1.02142,0.02207,0.0003,3e-05,1.118109,0.93352
1920,1080,960,540,ogpu,resident,1,33,1,4e-05,0.00268,0.132038,0.996881,0.01349,0.00023,2e-05,1.145379,0.93232
1920,1080,960,540,ogpu,resident,1,34,0,3e-05,0.00172,0.075919,1.00336,0.01549,0.00022,4e-05,1.096779,0.9324
1920,1080,960,540,ogpu,resident,1,35,1,3e-05,0.00186,0.091429,0.997861,0.01259,0.00019,2e-05,1.10398,0.93316
1920,1080,960,540,ogpu,resident,1,36,0,2e-05,0.00152,0.071939,1.00124,0.01555,0.00018,4e-05,1.090489,0.93284
1920,1080,960,540,ogpu,resident,1,37,1,3e-05,0.00195,0.083909,0.997671,0.01374,0.00019,3e-05,1.09752,0.93212
1920,1080,960,540,ogpu,resident,1,38,0,3e-05,0.00175,0.075869,0.99512,0.01268,0.00021,2e-05,1.085679,0.93376
1920,1080,960,540,ogpu,resident,1,39,1,3e-05,0.00156,0.071729,1.00082,0.01542,0.00022,4e-05,1.089819,0.93136
1920,1080,960,540,native,resident,1,10,0,3e-05,0.05589,0.01488,1.00149,0.01544,5e-05,3e-05,1.08781,0.93296
1920,1080,960,540,native,resident,1,11,1,3e-05,0.062639,0.01897,1.01809,0.01323,4e-05,3e-05,1.113029,0.93304
1920,1080,960,540,native,resident,1,12,0,3e-05,0.056709,0.01525,1.003421,0.01538,3e-05,3e-05,1.09085,0.93292
1920,1080,960,540,native,resident,1,13,1,3e-05,0.063919,0.0185,1.089239,0.01399,4e-05,2e-05,1.185738,0.933
1920,1080,960,540,native,resident,1,14,0,3e-05,0.062359,0.01563,1.00104,0.01325,4e-05,3e-05,1.092379,0.9344
1920,1080,960,540,native,resident,1,15,1,2e-05,0.05659,0.01485,1.00359,0.01572,5e-05,4e-05,1.09086,0.9332
1920,1080,960,540,native,resident,1,16,0,3e-05,0.065439,0.02052,1.03241,0.01565,3e-05,4e-05,1.134119,0.93368
1920,1080,960,540,native,resident,1,17,1,3e-05,0.067549,0.01829,1.01453,0.01981,0.0001,3e-05,1.120339,0.9332
1920,1080,960,540,native,resident,1,18,0,3e-05,0.070049,0.01527,1.000511,0.0129,4e-05,3e-05,1.09883,0.93404
1920,1080,960,540,native,resident,1,19,1,2e-05,0.056949,0.01493,1.00113,0.0155,4e-05,3e-05,1.088599,0.93268
1920,1080,960,540,native,resident,1,20,0,3e-05,0.064099,0.01853,1.02406,0.01271,4e-05,3e-05,1.119499,0.93136
1920,1080,960,540,native,resident,1,21,1,3e-05,0.056399,0.01445,1.003731,0.01526,4e-05,4e-05,1.08995,0.93156
1920,1080,960,540,native,resident,1,22,0,3e-05,0.062739,0.01769,1.03421,0.032839,5e-05,2e-05,1.147578,0.9328
1920,1080,960,540,native,resident,1,23,1,3e-05,0.05888,0.01552,0.99613,0.01286,4e-05,3e-05,1.08349,0.93368
1920,1080,960,540,native,resident,1,24,0,3e-05,0.05476,0.015619,1.04496,0.01523,5e-05,3e-05,1.130679,0.93236
1920,1080,960,540,native,resident,1,25,1,3e-05,0.065979,0.0175,1.000081,0.01665,3e-05,4e-05,1.10031,0.93196
1920,1080,960,540,native,resident,1,26,0,3e-05,0.066559,0.01769,1.00025,0.01555,4e-05,3e-05,1.100149,0.93164
1920,1080,960,540,native,resident,1,27,1,3e-05,0.064549,0.01862,1.01723,0.01353,4e-05,2e-05,1.114019,0.93196
1920,1080,960,540,native,resident,1,28,0,3e-05,0.05767,0.015579,1.002221,0.016169,4e-05,4e-05,1.091749,0.93276
1920,1080,960,540,native,resident,1,29,1,4e-05,0.06692,0.01859,0.99681,0.01297,4e-05,2e-05,1.09539,0.93324
1920,1080,960,540,native,resident,1,30,0,3e-05,0.056369,0.01507,1.0034,0.01564,4e-05,3e-05,1.090579,0.93308
1920,1080,960,540,native,resident,1,31,1,3e-05,0.0638,0.019229,1.016811,0.01334,4e-05,3e-05,1.11328,0.93396
1920,1080,960,540,native,resident,1,32,0,2e-05,0.070199,0.01643,1.00989,0.01582,4e-05,3e-05,1.112429,0.93272
1920,1080,960,540,native,resident,1,33,1,3e-05,0.065659,0.01919,1.01375,0.01319,4e-05,3e-05,1.111889,0.93232
1920,1080,960,540,native,resident,1,34,0,3e-05,0.05719,0.01571,1.00118,0.01316,4e-05,3e-05,1.08734,0.93248
1920,1080,960,540,native,resident,1,35,1,3e-05,0.055219,0.01631,1.03813,0.01591,4e-05,3e-05,1.125669,0.93252
1920,1080,960,540,native,resident,1,36,0,3e-05,0.067269,0.01851,1.00115,0.01567,4e-05,3e-05,1.102699,0.93472
1920,1080,960,540,native,resident,1,37,1,3e-05,0.062459,0.01498,0.999461,0.015139,4e-05,2e-05,1.092129,0.93268
1920,1080,960,540,native,resident,1,38,0,3e-05,0.05942,0.0158,1.00031,0.01326,4e-05,2e-05,1.08888,0.93248
1920,1080,960,540,native,resident,1,39,1,3e-05,0.056319,0.01537,1.006581,0.015149,5e-05,3e-05,1.093529,0.93712
3840,2160,1919,1079,ogpu,end-to-end,1,10,0,1.732574,0.00293,0.116229,9.790525,0.02112,0.00034,0.599494,12.263212,9.56904
3840,2160,1919,1079,ogpu,end-to-end,1,11,1,1.671714,0.00298,0.101129,9.813725,0.02005,0.00029,0.599504,12.209392,9.5702
3840,2160,1919,1079,ogpu,end-to-end,1,12,0,1.692094,0.00277,0.101569,9.811105,0.02052,0.00033,0.591834,12.220222,9.57276
3840,2160,1919,1079,ogpu,end-to-end,1,13,1,1.697843,0.0032,0.114449,9.692497,0.01781,0.00028,0.573734,12.099813,9.57676
3840,2160,1919,1079,ogpu,end-to-end,1,14,0,1.719323,0.00277,0.100519,9.700327,0.014949,0.00025,0.537505,12.075643,9.57704
3840,2160,1919,1079,ogpu,end-to-end,1,15,1,1.686534,0.00293,0.098369,9.700506,0.0165,0.00027,0.535695,12.040804,9.57128
3840,2160,1919,1079,ogpu,end-to-end,1,16,0,1.743853,0.00322,0.134179,9.666576,0.01706,0.00029,0.544775,12.109953,9.57396
3840,2160,1919,1079,ogpu,end-to-end,1,17,1,1.665354,0.00302,0.112459,9.703566,0.02066,0.00031,0.549384,12.054753,9.58292
3840,2160,1919,1079,ogpu,end-to-end,1,18,0,1.711364,0.00297,0.113169,9.703216,0.02303,0.00034,0.528254,12.082343,9.573
3840,2160,1919,1079,ogpu,end-to-end,1,19,1,1.670394,0.00272,0.098499,9.784706,0.024659,0.00038,0.575515,12.156873,9.57256
3840,2160,1919,1079,ogpu,end-to-end,1,20,0,1.739383,0.00302,0.119539,9.794045,0.02868,0.0003,0.574945,12.259912,9.57272
3840,2160,1919,1079,ogpu,end-to-end,1,21,1,1.651584,0.00333,0.110979,9.796455,0.023799,0.00025,0.528775,12.115172,9.57348
3840,2160,1919,1079,ogpu,end-to-end,1,22,0,1.699194,0.00288,0.098929,9.822825,0.03387,0.00032,0.522135,12.180153,9.57472
3840,2160,1919,1079,ogpu,end-to-end,1,23,1,1.662804,0.0029,0.099539,9.812185,0.026109,0.00029,0.509805,12.113632,9.57052
3840,2160,1919,1079,ogpu,end-to-end,1,24,0,1.700414,0.0028,0.099149,9.810705,0.02922,0.0003,0.490095,12.132683,9.5718
3840,2160,1919,1079,ogpu,end-to-end,1,25,1,1.659274,0.00286,0.095089,9.820335,0.03859,0.00029,0.491205,12.107643,9.57864
3840,2160,1919,1079,ogpu,end-to-end,1,26,0,1.683564,0.00272,0.096609,9.812105,0.03041,0.00029,0.492615,12.118313,9.57216
3840,2160,1919,1079,ogpu,end-to-end,1,27,1,1.649164,0.00274,0.106459,9.797385,0.02577,0.00028,0.487405,12.069203,9.57028
3840,2160,1919,1079,ogpu,end-to-end,1,28,0,1.840543,0.00354,0.133808,9.647087,0.02152,0.00024,0.474415,12.121153,9.5696
3840,2160,1919,1079,ogpu,end-to-end,1,29,1,1.635084,0.0028,0.096619,9.708197,0.025809,0.0003,0.485046,11.953855,9.57068
3840,2160,1919,1079,ogpu,end-to-end,1,30,0,1.667864,0.002619,0.09454,9.802515,0.02335,0.00026,0.520805,12.111953,9.57196
3840,2160,1919,1079,ogpu,end-to-end,1,31,1,1.696253,0.00295,0.100549,9.715156,0.02554,0.00029,0.495425,12.036163,9.57048
3840,2160,1919,1079,ogpu,end-to-end,1,32,0,1.703364,0.00279,0.095739,9.810925,0.0297,0.0003,0.475705,12.118523,9.57316
3840,2160,1919,1079,ogpu,end-to-end,1,33,1,1.656204,0.00274,0.093099,9.828865,0.0347,0.00029,0.473745,12.089643,9.571
3840,2160,1919,1079,ogpu,end-to-end,1,34,0,1.685964,0.00275,0.096259,9.837815,0.02015,0.00028,0.465955,12.109173,9.57772
3840,2160,1919,1079,ogpu,end-to-end,1,35,1,1.661704,0.00275,0.097989,9.700557,0.026489,0.00028,0.492015,11.981784,9.56948
3840,2160,1919,1079,ogpu,end-to-end,1,36,0,1.673444,0.00263,0.096239,9.806336,0.022109,0.00026,0.531485,12.132503,9.57064
3840,2160,1919,1079,ogpu,end-to-end,1,37,1,1.656034,0.00325,0.106379,9.797315,0.02602,0.00029,0.486136,12.075424,9.57044
3840,2160,1919,1079,ogpu,end-to-end,1,38,0,1.698323,0.00307,0.097229,9.809675,0.02887,0.00028,0.495655,12.133102,9.5736
3840,2160,1919,1079,ogpu,end-to-end,1,39,1,1.708574,0.00332,0.122269,9.803355,0.019939,0.00034,0.494986,12.152783,9.57344
3840,2160,1919,1079,native,end-to-end,1,10,0,1.803182,0.091249,0.02106,9.801385,0.02234,6e-05,0.482575,12.221851,9.5696
3840,2160,1919,1079,native,end-to-end,1,11,1,1.629215,0.076319,0.01877,9.814385,0.01761,4e-05,0.467725,12.024064,9.57776
3840,2160,1919,1079,native,end-to-end,1,12,0,1.691274,0.081689,0.01891,9.697006,0.01671,5e-05,0.458286,11.963925,9.5714
3840,2160,1919,1079,native,end-to-end,1,13,1,1.601774,0.07498,0.021159,9.697797,0.016289,4e-05,0.450996,11.863035,9.57216
3840,2160,1919,1079,native,end-to-end,1,14,0,1.743973,0.076819,0.01824,9.658057,0.02325,5e-05,0.455235,11.975624,9.56864
3840,2160,1919,1079,native,end-to-end,1,15,1,1.604735,0.074939,0.01875,9.697356,0.01412,4e-05,0.436136,11.846076,9.57388
3840,2160,1919,1079,native,end-to-end,1,16,0,1.802162,0.08602,0.022139,9.649767,0.01687,5e-05,0.441096,12.018104,9.56988
3840,2160,1919,1079,native,end-to-end,1,17,1,1.625324,0.074989,0.01843,9.647247,0.01583,4e-05,0.433495,11.815355,9.57024
3840,2160,1919,1079,native,end-to-end,1,18,0,1.734794,0.076519,0.01865,9.705586,0.02442,6e-05,0.472385,12.032414,9.57108
3840,2160,1919,1079,native,end-to-end,1,19,1,1.629934,0.07705,0.018749,9.690567,0.01441,4e-05,0.420436,11.851186,9.57112
3840,2160,1919,1079,native,end-to-end,1,20,0,1.699493,0.074789,0.0184,9.696697,0.0163,5e-05,0.423445,11.929174,9.57176
3840,2160,1919,1079,native,end-to-end,1,21,1,1.600555,0.072519,0.01832,9.703706,0.01631,4e-05,0.430726,11.842176,9.56988
3840,2160,1919,1079,native,end-to-end,1,22,0,1.732743,0.098069,0.01925,9.677826,0.0165,4e-05,0.448626,11.993054,9.57148
3840,2160,1919,1079,native,end-to-end,1,23,1,1.645734,0.075819,0.01813,9.690406,0.01366,4e-05,0.417216,11.861005,9.57004
3840,2160,1919,1079,native,end-to-end,1,24,0,1.675124,0.080309,0.01931,9.701136,0.01624,4e-05,0.436126,11.928285,9.57604
3840,2160,1919,1079,native,end-to-end,1,25,1,1.616554,0.075369,0.01852,9.704087,0.016459,5e-05,0.424096,11.855135,9.5752
3840,2160,1919,1079,native,end-to-end,1,26,0,1.698244,0.105059,0.02493,9.671206,0.01595,4e-05,0.419866,11.935295,9.57468
3840,2160,1919,1079,native,end-to-end,1,27,1,1.725453,0.076,0.018829,9.716496,0.02379,8e-05,0.448326,12.008974,9.5732
3840,2160,1919,1079,native,end-to-end,1,28,0,1.693004,0.079939,0.01902,9.791045,0.0173,4e-05,0.436506,12.036854,9.57584
3840,2160,1919,1079,native,end-to-end,1,29,1,1.636514,0.075229,0.0184,9.706246,0.01896,8e-05,0.484245,11.939674,9.57148
3840,2160,1919,1079,native,end-to-end,1,30,0,1.876822,0.112309,0.02499,9.669006,0.01762,4e-05,0.481375,12.182162,9.57316
3840,2160,1919,1079,native,end-to-end,1,31,1,1.744414,0.081959,0.02,9.693586,0.01644,5e-05,0.466585,12.023034,9.57184
3840,2160,1919,1079,native,end-to-end,1,32,0,1.695604,0.074709,0.01879,9.707706,0.01632,4e-05,0.461036,11.974205,9.5772
3840,2160,1919,1079,native,end-to-end,1,33,1,1.653993,0.07509,0.019169,9.694017,0.01673,5e-05,0.451285,11.910334,9.56988
3840,2160,1919,1079,native,end-to-end,1,34,0,1.709994,0.111469,0.02467,9.658896,0.01639,5e-05,0.437756,11.959225,9.56936
3840,2160,1919,1079,native,end-to-end,1,35,1,1.698163,0.090339,0.02547,9.687027,0.024169,4e-05,0.429086,11.954294,9.57056
3840,2160,1919,1079,native,end-to-end,1,36,0,1.676304,0.079619,0.02061,9.814085,0.02764,5e-05,0.435176,12.053484,9.5756
3840,2160,1919,1079,native,end-to-end,1,37,1,1.641294,0.076739,0.02029,9.805525,0.0272,5e-05,0.426216,11.997314,9.56864
3840,2160,1919,1079,native,end-to-end,1,38,0,1.685603,0.08208,0.02037,9.806925,0.038919,4e-05,0.428836,12.062773,9.56956
3840,2160,1919,1079,native,end-to-end,1,39,1,1.658304,0.078449,0.02019,9.801385,0.0233,4e-05,0.410976,11.992644,9.56804
3840,2160,1919,1079,native,resident,1,10,0,3e-05,0.070949,0.01939,3.774833,0.01704,4e-05,3e-05,3.882312,3.69992
3840,2160,1919,1079,native,resident,1,11,1,3e-05,0.109839,0.0357,3.802433,0.02186,5e-05,3e-05,3.969942,3.70892
3840,2160,1919,1079,native,resident,1,12,0,3e-05,0.091919,0.02068,3.805743,0.02129,6e-05,3e-05,3.939752,3.7284
3840,2160,1919,1079,native,resident,1,13,1,3e-05,0.160718,0.02595,3.863583,0.02341,4e-05,4e-05,4.073771,3.7354
3840,2160,1919,1079,native,resident,1,14,0,5e-05,0.083339,0.02364,3.840932,0.01676,6e-05,3e-05,3.964811,3.75548
3840,2160,1919,1079,native,resident,1,15,1,3e-05,0.072699,0.01994,3.847253,0.01887,4e-05,3e-05,3.958862,3.77708
3840,2160,1919,1079,native,resident,1,16,0,3e-05,0.063349,0.01673,3.865723,0.02341,8e-05,4e-05,3.969362,3.78124
3840,2160,1919,1079,native,resident,1,17,1,4e-05,0.125198,0.02362,3.842363,0.0184,5e-05,4e-05,4.009711,3.76136
3840,2160,1919,1079,native,resident,1,18,0,4e-05,0.085589,0.02036,3.861772,0.01769,5e-05,3e-05,3.985531,3.78064
3840,2160,1919,1079,native,resident,1,19,1,4e-05,0.080139,0.01978,3.862133,0.01612,5e-05,4e-05,3.978302,3.78948
3840,2160,1919,1079,native,resident,1,20,0,4e-05,0.075969,0.01957,3.857413,0.01583,3e-05,3e-05,3.968882,3.78556
3840,2160,1919,1079,native,resident,1,21,1,3e-05,0.068849,0.02331,3.865652,0.01615,5e-05,4e-05,3.974081,3.79528
3840,2160,1919,1079,native,resident,1,22,0,3e-05,0.06815,0.019569,3.882943,0.015769,5e-05,3e-05,3.986541,3.79028
3840,2160,1919,1079,native,resident,1,23,1,3e-05,0.06645,0.01799,3.865622,0.01616,5e-05,3e-05,3.966332,3.79056
3840,2160,1919,1079,native,resident,1,24,0,3e-05,0.06895,0.019449,3.859283,0.01515,4e-05,3e-05,3.962932,3.7898
3840,2160,1919,1079,native,resident,1,25,1,3e-05,0.066749,0.01791,3.877133,0.01615,5e-05,3e-05,3.978052,3.80296
3840,2160,1919,1079,native,resident,1,26,0,3e-05,0.067339,0.01848,3.870562,0.01638,5e-05,3e-05,3.972871,3.79312
3840,2160,1919,1079,native,resident,1,27,1,3e-05,0.070579,0.01863,3.871953,0.01592,5e-05,3e-05,3.977192,3.79632
3840,2160,1919,1079,native,resident,1,28,0,3e-05,0.084829,0.02598,3.867002,0.0186,5e-05,4e-05,3.996531,3.78504
3840,2160,1919,1079,native,resident,1,29,1,4e-05,0.078119,0.02078,3.865983,0.01792,5e-05,3e-05,3.982922,3.788
3840,2160,1919,1079,native,resident,1,30,0,3e-05,0.072439,0.02009,3.866702,0.01659,4e-05,3e-05,3.975921,3.79144
3840,2160,1919,1079,native,resident,1,31,1,3e-05,0.069529,0.0205,3.873773,0.01426,5e-05,2e-05,3.978162,3.78708
3840,2160,1919,1079,native,resident,1,32,0,3e-05,0.061209,0.01674,3.874152,0.01616,6e-05,3e-05,3.968381,3.8004
3840,2160,1919,1079,native,resident,1,33,1,3e-05,0.06844,0.020329,3.891293,0.01613,3e-05,4e-05,3.996292,3.79772
3840,2160,1919,1079,native,resident,1,34,0,3e-05,0.070069,0.01888,3.875562,0.01661,6e-05,4e-05,3.981251,3.79548
3840,2160,1919,1079,native,resident,1,35,1,3e-05,0.070399,0.02047,3.887203,0.0165,4e-05,4e-05,3.994682,3.79644
3840,2160,1919,1079,native,resident,1,36,0,3e-05,0.072009,0.01995,3.873912,0.01594,6e-05,3e-05,3.981931,3.80088
3840,2160,1919,1079,native,resident,1,37,1,3e-05,0.068359,0.01908,3.878153,0.01706,4e-05,4e-05,3.982762,3.80024
3840,2160,1919,1079,native,resident,1,38,0,3e-05,0.071369,0.01999,3.896732,0.04654,0.000109,3e-05,4.0348,3.80516
3840,2160,1919,1079,native,resident,1,39,1,3e-05,0.08355,0.023699,3.859673,0.01515,4e-05,3e-05,3.982172,3.78672
3840,2160,1919,1079,ogpu,resident,1,10,0,4e-05,0.00218,0.092609,3.778714,0.01676,0.00023,3e-05,3.890563,3.70544
3840,2160,1919,1079,ogpu,resident,1,11,1,3e-05,0.00198,0.091899,3.804303,0.01856,0.00029,3e-05,3.917092,3.73024
3840,2160,1919,1079,ogpu,resident,1,12,0,3e-05,0.00234,0.093819,3.836173,0.02025,0.00026,3e-05,3.952902,3.7508
3840,2160,1919,1079,ogpu,resident,1,13,1,4e-05,0.00228,0.091759,3.842413,0.018429,0.00025,3e-05,3.955201,3.75752
3840,2160,1919,1079,ogpu,resident,1,14,0,3e-05,0.00206,0.09082,3.840773,0.019049,0.00025,3e-05,3.953012,3.76452
3840,2160,1919,1079,ogpu,resident,1,15,1,3e-05,0.00213,0.087499,3.853383,0.01847,0.00021,3e-05,3.961752,3.78184
3840,2160,1919,1079,ogpu,resident,1,16,0,3e-05,0.00192,0.088779,3.862573,0.01863,0.00021,3e-05,3.972172,3.78748
3840,2160,1919,1079,ogpu,resident,1,17,1,3e-05,0.00212,0.087759,3.867652,0.0179,0.00026,3e-05,3.975751,3.79504
3840,2160,1919,1079,ogpu,resident,1,18,0,4e-05,0.00209,0.089149,3.871173,0.01895,0.00026,4e-05,3.981702,3.79232
3840,2160,1919,1079,ogpu,resident,1,19,1,3e-05,0.00223,0.091479,3.871292,0.01881,0.00023,3e-05,3.984101,3.79308
3840,2160,1919,1079,ogpu,resident,1,20,0,3e-05,0.00227,0.092639,3.874853,0.01938,0.00028,3e-05,3.989482,3.79716
3840,2160,1919,1079,ogpu,resident,1,21,1,4e-05,0.00216,0.088859,3.875152,0.01798,0.00025,3e-05,3.984471,3.80232
3840,2160,1919,1079,ogpu,resident,1,22,0,3e-05,0.00213,0.092079,3.878323,0.0191,0.00026,4e-05,3.991962,3.8018
3840,2160,1919,1079,ogpu,resident,1,23,1,3e-05,0.00206,0.087079,3.870272,0.01807,0.0002,3e-05,3.977741,3.8
3840,2160,1919,1079,ogpu,resident,1,24,0,3e-05,0.00197,0.089609,3.873703,0.02028,0.00027,3e-05,3.985892,3.79828
3840,2160,1919,1079,ogpu,resident,1,25,1,3e-05,0.00225,0.088139,3.887482,0.01838,0.00024,3e-05,3.996551,3.7992
3840,2160,1919,1079,ogpu,resident,1,26,0,3e-05,0.00203,0.090919,3.874253,0.01792,0.00026,3e-05,3.985442,3.79744
3840,2160,1919,1079,ogpu,resident,1,27,1,3e-05,0.002089,0.08687,3.882042,0.01841,0.00025,3e-05,3.989721,3.80312
3840,2160,1919,1079,ogpu,resident,1,28,0,4e-05,0.00225,0.092719,3.878153,0.018529,0.00034,3e-05,3.992061,3.80252
3840,2160,1919,1079,ogpu,resident,1,29,1,4e-05,0.00246,0.090109,3.879353,0.01884,0.00026,4e-05,3.991102,3.79852
3840,2160,1919,1079,ogpu,resident,1,30,0,3e-05,0.00221,0.094579,3.871192,0.0188,0.00023,3e-05,3.987071,3.79672
3840,2160,1919,1079,ogpu,resident,1,31,1,4e-05,0.00212,0.086979,3.871303,0.01782,0.00024,3e-05,3.978532,3.8014
3840,2160,1919,1079,ogpu,resident,1,32,0,4e-05,0.002,0.090149,3.880632,0.01781,0.00026,3e-05,3.990921,3.8038
3840,2160,1919,1079,ogpu,resident,1,33,1,3e-05,0.00225,0.087319,3.874493,0.01882,0.00028,3e-05,3.983222,3.8024
3840,2160,1919,1079,ogpu,resident,1,34,0,3e-05,0.00204,0.091349,3.880852,0.0183,0.00027,3e-05,3.992871,3.80208
3840,2160,1919,1079,ogpu,resident,1,35,1,3e-05,0.0021,0.087139,3.878893,0.018099,0.00027,3e-05,3.986561,3.80336
3840,2160,1919,1079,ogpu,resident,1,36,0,4e-05,0.00224,0.09284,4.380887,0.01941,0.00028,3e-05,4.495727,3.80528
3840,2160,1919,1079,ogpu,resident,1,37,1,4e-05,0.00226,0.096979,3.800483,0.01812,0.00033,3e-05,3.918242,3.7168
3840,2160,1919,1079,ogpu,resident,1,38,0,4e-05,0.00271,0.088689,3.866113,0.01886,0.00028,3e-05,3.976722,3.78168
3840,2160,1919,1079,ogpu,resident,1,39,1,4e-05,0.00224,0.094979,3.903082,0.01818,0.0002,4e-05,4.018761,3.7874
1919,1079,2561,1441,native,end-to-end,1,10,0,0.374686,0.072889,0.01731,4.872803,0.02307,4e-05,0.838092,6.19889,4.71676
1919,1079,2561,1441,native,end-to-end,1,11,1,0.337187,0.078919,0.01952,4.795943,0.0221,6e-05,0.834332,6.088061,4.669
1919,1079,2561,1441,native,end-to-end,1,12,0,0.373026,0.08311,0.020489,4.786304,0.01846,4e-05,0.817292,6.098721,4.656
1919,1079,2561,1441,native,end-to-end,1,13,1,0.354537,0.080939,0.01983,4.773234,0.022969,7e-05,0.852872,6.104451,4.64896
1919,1079,2561,1441,native,end-to-end,1,14,0,0.379737,0.087759,0.02026,4.880892,0.02131,6e-05,0.809592,6.19961,4.64588
1919,1079,2561,1441,native,end-to-end,1,15,1,0.349537,0.083509,0.01992,4.779984,0.020209,3e-05,0.799553,6.052742,4.65244
1919,1079,2561,1441,native,end-to-end,1,16,0,0.363626,0.074949,0.01789,4.900033,0.0161,5e-05,0.782232,6.15488,4.66532
1919,1079,2561,1441,native,end-to-end,1,17,1,0.328977,0.072859,0.01787,4.822794,0.016029,4e-05,0.772473,6.031042,4.69172
1919,1079,2561,1441,native,end-to-end,1,18,0,0.401956,0.076719,0.01832,4.840313,0.02015,7e-05,0.811502,6.16903,4.70848
1919,1079,2561,1441,native,end-to-end,1,19,1,0.338617,0.074579,0.0303,4.877923,0.02067,7e-05,0.821702,6.163861,4.65284
1919,1079,2561,1441,native,end-to-end,1,20,0,0.423816,0.086539,0.01958,4.781483,0.02121,5e-05,0.882111,6.214789,4.65404
1919,1079,2561,1441,native,end-to-end,1,21,1,0.381487,0.078589,0.01819,4.880803,0.02164,4e-05,0.821132,6.201881,4.64452
1919,1079,2561,1441,native,end-to-end,1,22,0,0.390456,0.081749,0.01891,4.791774,0.021799,7e-05,0.811643,6.116401,4.66164
1919,1079,2561,1441,native,end-to-end,1,23,1,0.362966,0.082989,0.01859,4.909793,0.020559,0.00012,0.812193,6.20721,4.67376
1919,1079,2561,1441,native,end-to-end,1,24,0,0.382286,0.085529,0.01942,4.934052,0.02091,7e-05,0.816672,6.258939,4.70056
1919,1079,2561,1441,native,end-to-end,1,25,1,0.369566,0.08452,0.018499,4.886943,0.02097,7e-05,0.791822,6.17239,4.65212
1919,1079,2561,1441,native,end-to-end,1,26,0,0.387237,0.108149,0.018729,4.817464,0.02106,4e-05,0.818642,6.171321,4.65352
1919,1079,2561,1441,native,end-to-end,1,27,1,0.356446,0.098059,0.01958,4.764454,0.01765,4e-05,0.769822,6.026051,4.65444
1919,1079,2561,1441,native,end-to-end,1,28,0,0.367197,0.075599,0.01757,4.779414,0.02238,8e-05,0.817692,6.079932,4.64288
1919,1079,2561,1441,native,end-to-end,1,29,1,0.362946,0.077699,0.01729,4.729195,0.023889,7e-05,0.801662,6.012751,4.64816
1919,1079,2561,1441,native,end-to-end,1,30,0,0.382877,0.073569,0.01799,4.898283,0.02111,7e-05,0.778422,6.172321,4.65776
1919,1079,2561,1441,native,end-to-end,1,31,1,0.359077,0.095329,0.02216,4.808903,0.02103,6e-05,0.770792,6.077351,4.6946
1919,1079,2561,1441,native,end-to-end,1,32,0,0.360497,0.072879,0.0185,4.932322,0.01867,7e-05,0.756163,6.159101,4.69384
1919,1079,2561,1441,native,end-to-end,1,33,1,0.342886,0.106379,0.02276,4.765284,0.01791,7e-05,0.831612,6.086901,4.65668
1919,1079,2561,1441,native,end-to-end,1,34,0,0.363766,0.084289,0.02045,4.897323,0.02179,6e-05,0.799712,6.18739,4.65832
1919,1079,2561,1441,native,end-to-end,1,35,1,0.386376,0.085559,0.01993,4.882403,0.02262,7e-05,0.785222,6.18218,4.64672
1919,1079,2561,1441,native,end-to-end,1,36,0,0.382687,0.093359,0.02031,4.874702,0.0215,6e-05,0.792752,6.18537,4.64532
1919,1079,2561,1441,native,end-to-end,1,37,1,0.360367,0.081069,0.01876,4.899603,0.020679,8e-05,0.766623,6.147181,4.66412
1919,1079,2561,1441,native,end-to-end,1,38,0,0.361516,0.0804,0.019209,4.933643,0.02078,8e-05,0.758712,6.17434,4.69748
1919,1079,2561,1441,native,end-to-end,1,39,1,0.345167,0.087389,0.01926,4.894623,0.022529,9e-05,0.818543,6.187601,4.66324
1919,1079,2561,1441,ogpu,end-to-end,1,10,0,0.404776,0.0024,0.09452,4.896352,0.01692,0.00028,0.783762,6.19901,4.69604
1919,1079,2561,1441,ogpu,end-to-end,1,11,1,0.432066,0.00259,0.104579,4.729465,0.016769,0.0003,0.722553,6.008322,4.64928
1919,1079,2561,1441,ogpu,end-to-end,1,12,0,0.410106,0.00231,0.093879,4.852903,0.02344,0.00028,0.712693,6.095611,4.65224
1919,1079,2561,1441,ogpu,end-to-end,1,13,1,0.390937,0.00238,0.094169,4.868913,0.039299,0.00085,1.234758,6.631306,4.64412
1919,1079,2561,1441,ogpu,end-to-end,1,14,0,0.848662,0.00757,0.176978,4.801194,0.01815,0.00042,1.478665,7.331639,4.68764
1919,1079,2561,1441,ogpu,end-to-end,1,15,1,0.726623,0.00365,0.109409,4.915333,0.01664,0.00042,1.398076,7.170151,4.69624
1919,1079,2561,1441,ogpu,end-to-end,1,16,0,0.776333,0.004089,0.118859,4.813804,0.022,0.00059,1.299237,7.034912,4.7224
1919,1079,2561,1441,ogpu,end-to-end,1,17,1,0.828642,0.0028,0.105599,4.822714,0.033149,0.00041,0.849192,6.642506,4.72808
1919,1079,2561,1441,ogpu,end-to-end,1,18,0,0.593474,0.00305,0.106889,4.922312,0.02769,0.00031,0.732863,6.386588,4.68976
1919,1079,2561,1441,ogpu,end-to-end,1,19,1,0.565335,0.0027,0.097319,4.908392,0.03152,0.00022,0.709993,6.315479,4.6514
1919,1079,2561,1441,ogpu,end-to-end,1,20,0,0.534785,0.00241,0.091579,4.933612,0.02628,0.00026,0.710983,6.299909,4.68664
1919,1079,2561,1441,ogpu,end-to-end,1,21,1,0.574965,0.00351,0.142638,4.807734,0.02931,0.00032,0.693993,6.25247,4.6616
1919,1079,2561,1441,ogpu,end-to-end,1,22,0,0.520565,0.00272,0.096539,4.894473,0.030669,0.00028,0.704884,6.25013,4.6456
1919,1079,2561,1441,ogpu,end-to-end,1,23,1,0.486385,0.00258,0.095409,4.893952,0.03093,0.00031,0.702763,6.212329,4.65392
1919,1079,2561,1441,ogpu,end-to-end,1,24,0,0.480656,0.00255,0.091889,4.930302,0.02618,0.00024,0.705633,6.23745,4.69008
1919,1079,2561,1441,ogpu,end-to-end,1,25,1,0.456416,0.00229,0.095789,4.902882,0.02434,0.00026,0.712033,6.19401,4.671
1919,1079,2561,1441,ogpu,end-to-end,1,26,0,0.449876,0.00242,0.090769,4.896893,0.018469,0.0003,0.727614,6.186341,4.64868
1919,1079,2561,1441,ogpu,end-to-end,1,27,1,0.463435,0.00299,0.102869,4.771424,0.01837,0.00034,0.806312,6.16574,4.64488
1919,1079,2561,1441,ogpu,end-to-end,1,28,0,0.466965,0.00357,0.112329,4.882363,0.03005,0.00032,0.749772,6.245369,4.65184
1919,1079,2561,1441,ogpu,end-to-end,1,29,1,0.454186,0.00272,0.092639,4.926692,0.02503,0.00026,0.729573,6.2311,4.68592
1919,1079,2561,1441,ogpu,end-to-end,1,30,0,0.433476,0.00241,0.106299,4.904893,0.029449,0.00028,0.729293,6.2061,4.67176
1919,1079,2561,1441,ogpu,end-to-end,1,31,1,0.426846,0.00224,0.090749,4.897523,0.02364,0.00026,0.728293,6.169551,4.64908
1919,1079,2561,1441,ogpu,end-to-end,1,32,0,0.442525,0.00308,0.099349,4.882693,0.02304,0.00029,0.784242,6.235219,4.64476
1919,1079,2561,1441,ogpu,end-to-end,1,33,1,0.441446,0.00281,0.097939,4.787964,0.02149,0.00026,0.743802,6.095711,4.65764
1919,1079,2561,1441,ogpu,end-to-end,1,34,0,0.430516,0.00271,0.095489,4.906563,0.02695,0.00029,0.772342,6.23486,4.66264
1919,1079,2561,1441,ogpu,end-to-end,1,35,1,0.438256,0.00354,0.119029,4.911522,0.02951,0.00028,0.779902,6.282039,4.69916
1919,1079,2561,1441,ogpu,end-to-end,1,36,0,0.449546,0.00357,0.115089,4.863993,0.0261,0.00025,0.749503,6.208051,4.64304
1919,1079,2561,1441,ogpu,end-to-end,1,37,1,0.479735,0.00328,0.148578,4.871303,0.02709,0.00028,0.823632,6.353898,4.644
1919,1079,2561,1441,ogpu,end-to-end,1,38,0,0.438436,0.00275,0.096619,4.943512,0.03005,0.00031,0.776812,6.288489,4.69
1919,1079,2561,1441,ogpu,end-to-end,1,39,1,0.423926,0.0028,0.094479,4.904183,0.02593,0.00028,0.753602,6.2052,4.66472
1919,1079,2561,1441,ogpu,resident,1,10,0,3e-05,0.00195,0.079669,1.325767,0.01794,0.00026,3e-05,1.425646,1.22192
1919,1079,2561,1441,ogpu,resident,1,11,1,3e-05,0.00203,0.086699,1.288418,0.01442,0.00022,3e-05,1.391847,1.22496
1919,1079,2561,1441,ogpu,resident,1,12,0,3e-05,0.00172,0.077559,1.335367,0.01855,0.00025,4e-05,1.433516,1.22252
1919,1079,2561,1441,ogpu,resident,1,13,1,3e-05,0.00213,0.094239,1.293327,0.0166,0.00026,2e-05,1.406606,1.22068
1919,1079,2561,1441,ogpu,resident,1,14,0,3e-05,0.00193,0.078819,1.286878,0.01543,0.00021,3e-05,1.383327,1.21852
1919,1079,2561,1441,ogpu,resident,1,15,1,3e-05,0.00175,0.076209,1.283998,0.015499,0.00024,3e-05,1.377756,1.2188
1919,1079,2561,1441,ogpu,resident,1,16,0,3e-05,0.00178,0.07472,1.338587,0.02622,0.00032,3e-05,1.441687,1.21812
1919,1079,2561,1441,ogpu,resident,1,17,1,5e-05,0.00285,0.162038,1.288578,0.016059,0.00029,3e-05,1.469895,1.221
1919,1079,2561,1441,ogpu,resident,1,18,0,3e-05,0.00178,0.07617,1.314837,0.03139,0.00034,4e-05,1.424587,1.21896
1919,1079,2561,1441,ogpu,resident,1,19,1,4e-05,0.0025,0.096169,1.285727,0.01513,0.00022,3e-05,1.399816,1.22084
1919,1079,2561,1441,ogpu,resident,1,20,0,3e-05,0.00173,0.074849,1.288378,0.01591,0.00024,3e-05,1.381167,1.21884
1919,1079,2561,1441,ogpu,resident,1,21,1,3e-05,0.00187,0.078529,1.283278,0.014869,0.00022,3e-05,1.378826,1.21952
1919,1079,2561,1441,ogpu,resident,1,22,0,2e-05,0.00163,0.07694,1.321357,0.01787,0.00024,3e-05,1.418087,1.22044
1919,1079,2561,1441,ogpu,resident,1,23,1,4e-05,0.00202,0.085869,1.285947,0.01527,0.00022,3e-05,1.389396,1.22164
1919,1079,2561,1441,ogpu,resident,1,24,0,3e-05,0.00176,0.081279,1.299008,0.01995,0.00028,4e-05,1.402347,1.22184
1919,1079,2561,1441,ogpu,resident,1,25,1,4e-05,0.0023,0.094909,1.286157,0.01543,0.00022,3e-05,1.399086,1.22128
1919,1079,2561,1441,ogpu,resident,1,26,0,3e-05,0.00171,0.074039,1.290498,0.01854,0.00022,3e-05,1.385067,1.22444
1919,1079,2561,1441,ogpu,resident,1,27,1,3e-05,0.00165,0.073969,1.290738,0.018529,0.00026,4e-05,1.385216,1.21916
1919,1079,2561,1441,ogpu,resident,1,28,0,4e-05,0.00201,0.657434,1.289248,0.019179,0.00025,3e-05,1.968191,1.22032
1919,1079,2561,1441,ogpu,resident,1,29,1,3e-05,0.00178,0.0829,1.301577,0.01504,0.00022,3e-05,1.401577,1.21956
1919,1079,2561,1441,ogpu,resident,1,30,0,3e-05,0.00163,0.081969,1.286907,0.0184,0.0003,3e-05,1.389266,1.2188
1919,1079,2561,1441,ogpu,resident,1,31,1,4e-05,0.00213,0.088079,1.283958,0.01591,0.00022,3e-05,1.390367,1.2182
1919,1079,2561,1441,ogpu,resident,1,32,0,3e-05,0.00183,0.076819,1.289068,0.01557,0.00022,3e-05,1.383567,1.21984
1919,1079,2561,1441,ogpu,resident,1,33,1,3e-05,0.00177,0.076199,1.282947,0.0174,0.00021,3e-05,1.378586,1.21948
1919,1079,2561,1441,ogpu,resident,1,34,0,3e-05,0.00166,0.082739,1.283178,0.01542,0.00021,2e-05,1.383257,1.21892
1919,1079,2561,1441,ogpu,resident,1,35,1,3e-05,0.00166,0.074319,1.318928,0.015729,0.00023,3e-05,1.410926,1.21856
1919,1079,2561,1441,ogpu,resident,1,36,0,3e-05,0.00176,0.07701,1.289987,0.01756,0.00025,3e-05,1.386627,1.2202
1919,1079,2561,1441,ogpu,resident,1,37,1,3e-05,0.0019,0.086529,1.305987,0.01499,0.0002,3e-05,1.409666,1.2208
1919,1079,2561,1441,ogpu,resident,1,38,0,3e-05,0.00169,0.074279,1.291388,0.01943,0.00026,3e-05,1.387107,1.22116
1919,1079,2561,1441,ogpu,resident,1,39,1,3e-05,0.00203,0.086889,1.295737,0.01552,0.00024,2e-05,1.400466,1.21904
1919,1079,2561,1441,native,resident,1,10,0,3e-05,0.05846,0.015039,1.285298,0.01244,4e-05,3e-05,1.371337,1.21976
1919,1079,2561,1441,native,resident,1,11,1,2e-05,0.054129,0.01552,1.342437,0.01514,5e-05,3e-05,1.427326,1.22276
1919,1079,2561,1441,native,resident,1,12,0,3e-05,0.066139,0.01778,1.286348,0.013469,4e-05,3e-05,1.383836,1.22104
1919,1079,2561,1441,native,resident,1,13,1,2e-05,0.05777,0.01488,1.284247,0.01345,4e-05,2e-05,1.370427,1.21904
1919,1079,2561,1441,native,resident,1,14,0,3e-05,0.05496,0.0169,1.284517,0.01344,4e-05,3e-05,1.369917,1.21976
1919,1079,2561,1441,native,resident,1,15,1,3e-05,0.05563,0.01544,1.337046,0.01559,5e-05,3e-05,1.423816,1.22188
1919,1079,2561,1441,native,resident,1,16,0,3e-05,0.0663,0.017959,1.293808,0.01635,5e-05,3e-05,1.394527,1.21928
1919,1079,2561,1441,native,resident,1,17,1,4e-05,0.069439,0.01934,1.283807,0.01739,4e-05,3e-05,1.390086,1.22104
1919,1079,2561,1441,native,resident,1,18,0,3e-05,0.05734,0.01482,1.289797,0.01516,5e-05,3e-05,1.377227,1.21896
1919,1079,2561,1441,native,resident,1,19,1,3e-05,0.064879,0.01824,1.304248,0.01318,4e-05,2e-05,1.400637,1.2192
1919,1079,2561,1441,native,resident,1,20,0,2e-05,0.055859,0.01496,1.284117,0.01242,4e-05,3e-05,1.367446,1.21964
1919,1079,2561,1441,native,resident,1,21,1,3e-05,0.05593,0.01602,1.350957,0.01523,4e-05,3e-05,1.438237,1.22008
1919,1079,2561,1441,native,resident,1,22,0,2.9e-05,0.06562,0.0175,1.282247,0.01261,4e-05,3e-05,1.378076,1.21968
1919,1079,2561,1441,native,resident,1,23,1,2e-05,0.062129,0.01506,1.290688,0.02044,7e-05,4e-05,1.388447,1.22088
1919,1079,2561,1441,native,resident,1,24,0,3e-05,0.070379,0.01901,1.298557,0.01478,4e-05,3e-05,1.402826,1.2214
1919,1079,2561,1441,native,resident,1,25,1,3e-05,0.06194,0.016129,1.288768,0.01527,5e-05,3e-05,1.382217,1.21884
1919,1079,2561,1441,native,resident,1,26,0,3e-05,0.066189,0.01769,1.286658,0.015809,4e-05,3e-05,1.386446,1.21924
1919,1079,2561,1441,native,resident,1,27,1,3e-05,0.06529,0.01733,1.292497,0.01562,5e-05,3e-05,1.390847,1.21952
1919,1079,2561,1441,native,resident,1,28,0,3e-05,0.067299,0.02801,1.282468,0.013099,4e-05,3e-05,1.390976,1.22008
1919,1079,2561,1441,native,resident,1,29,1,2e-05,0.05679,0.01559,1.287747,0.01534,4e-05,4e-05,1.375567,1.21896
1919,1079,2561,1441,native,resident,1,30,0,3e-05,0.06497,0.018079,1.290948,0.01307,4e-05,2e-05,1.387157,1.22164
1919,1079,2561,1441,native,resident,1,31,1,3e-05,0.056359,0.01582,1.291088,0.015559,5e-05,3e-05,1.378936,1.22228
1919,1079,2561,1441,native,resident,1,32,0,3e-05,0.06957,0.01913,1.284947,0.01248,4e-05,3e-05,1.386227,1.22076
1919,1079,2561,1441,native,resident,1,33,1,3e-05,0.05629,0.01537,1.292827,0.0151,4e-05,3e-05,1.379687,1.2226
1919,1079,2561,1441,native,resident,1,34,0,3e-05,0.063799,0.01859,1.308027,0.01524,4e-05,3e-05,1.405756,1.21944
1919,1079,2561,1441,native,resident,1,35,1,3e-05,0.065159,0.01778,1.283258,0.02213,4e-05,3e-05,1.388427,1.21996
1919,1079,2561,1441,native,resident,1,36,0,2e-05,0.057589,0.01642,1.311527,0.01295,4e-05,3e-05,1.398576,1.21976
1919,1079,2561,1441,native,resident,1,37,1,3e-05,0.05695,0.015689,1.288608,0.01495,5e-05,3e-05,1.376307,1.21924
1919,1079,2561,1441,native,resident,1,38,0,3e-05,0.064359,0.01858,1.309077,0.01331,4e-05,3e-05,1.405426,1.2232
1919,1079,2561,1441,native,resident,1,39,1,2e-05,0.05906,0.015699,1.304408,0.0164,0.00011,3e-05,1.395727,1.22764
1280,720,2560,1440,native,resident,2,10,0,3e-05,0.064989,0.01747,0.838502,0.01661,5e-05,3e-05,0.937681,0.76652
1280,720,2560,1440,native,resident,2,11,1,4e-05,0.068689,0.01904,0.859272,0.01979,5e-05,3e-05,0.966911,0.75968
1280,720,2560,1440,native,resident,2,12,0,3e-05,0.080589,0.01616,0.815272,0.01427,3e-05,3e-05,0.926381,0.74568
1280,720,2560,1440,native,resident,2,13,1,2e-05,0.059419,0.01617,0.848652,0.01314,4e-05,3e-05,0.937471,0.74384
1280,720,2560,1440,native,resident,2,14,0,3e-05,0.055489,0.01504,0.821122,0.03142,8e-05,3e-05,0.923211,0.74436
1280,720,2560,1440,native,resident,2,15,1,3e-05,0.092259,0.021489,0.817343,0.02255,3e-05,3e-05,0.953731,0.74496
1280,720,2560,1440,native,resident,2,16,0,3e-05,0.059779,0.01626,0.822262,0.0187,4e-05,3e-05,0.917101,0.74312
1280,720,2560,1440,native,resident,2,17,1,3e-05,0.090959,0.020859,0.813962,0.01721,4e-05,3e-05,0.94309,0.74236
1280,720,2560,1440,native,resident,2,18,0,3e-05,0.06148,0.016779,0.810633,0.01784,3e-05,3e-05,0.906822,0.74364
1280,720,2560,1440,native,resident,2,19,1,3e-05,0.062979,0.01665,0.842472,0.016759,4e-05,3e-05,0.93896,0.74256
1280,720,2560,1440,native,resident,2,20,0,2e-05,0.05749,0.01556,0.812562,0.01819,4e-05,4e-05,0.903902,0.74172
1280,720,2560,1440,native,resident,2,21,1,3e-05,0.069859,0.01928,0.828212,0.01645,4e-05,2e-05,0.933891,0.74336
1280,720,2560,1440,native,resident,2,22,0,2e-05,0.057009,0.01565,0.804192,0.01497,3e-05,3e-05,0.891901,0.74128
1280,720,2560,1440,native,resident,2,23,1,2e-05,0.06513,0.019489,0.839592,0.01825,5e-05,3e-05,0.942561,0.74292
1280,720,2560,1440,native,resident,2,24,0,3e-05,0.068479,0.01836,0.808742,0.01533,4e-05,3e-05,0.911011,0.74264
1280,720,2560,1440,native,resident,2,25,1,7e-05,0.06173,0.016339,0.835372,0.01643,4e-05,3e-05,0.930011,0.742
1280,720,2560,1440,native,resident,2,26,0,2e-05,0.05886,0.015279,0.804113,0.01555,4e-05,3e-05,0.893892,0.74172
1280,720,2560,1440,native,resident,2,27,1,3e-05,0.063039,0.01501,0.814592,0.01655,4e-05,3e-05,0.909291,0.74316
1280,720,2560,1440,native,resident,2,28,0,3e-05,0.056509,0.01519,0.812842,0.01802,4e-05,3e-05,0.902661,0.74324
1280,720,2560,1440,native,resident,2,29,1,3e-05,0.075129,0.01952,0.821782,0.01709,4e-05,3e-05,0.933621,0.7436
1280,720,2560,1440,native,resident,2,30,0,3e-05,0.058689,0.01622,0.805613,0.01547,4e-05,3e-05,0.896092,0.74128
1280,720,2560,1440,native,resident,2,31,1,3e-05,0.063839,0.01756,0.841182,0.018129,4e-05,3e-05,0.94081,0.74288
1280,720,2560,1440,native,resident,2,32,0,3e-05,0.06611,0.018389,0.806863,0.01647,4e-05,2e-05,0.907922,0.74308
1280,720,2560,1440,native,resident,2,33,1,3e-05,0.062439,0.01685,0.841932,0.01833,4e-05,3e-05,0.939651,0.74408
1280,720,2560,1440,native,resident,2,34,0,3e-05,0.066699,0.01833,0.809732,0.01821,5e-05,3e-05,0.913081,0.74116
1280,720,2560,1440,native,resident,2,35,1,3e-05,0.069439,0.01722,0.824312,0.01636,4e-05,3e-05,0.927431,0.74328
1280,720,2560,1440,native,resident,2,36,0,3e-05,0.056769,0.0165,0.804352,0.01489,3e-05,3e-05,0.892601,0.74244
1280,720,2560,1440,native,resident,2,37,1,3e-05,0.062559,0.01696,0.840442,0.01837,3e-05,3e-05,0.938421,0.74172
1280,720,2560,1440,native,resident,2,38,0,3e-05,0.056979,0.0165,0.814182,0.01548,4e-05,3e-05,0.903241,0.74332
1280,720,2560,1440,native,resident,2,39,1,2e-05,0.0631,0.01683,0.838061,0.01607,3e-05,3e-05,0.934141,0.7432
1280,720,2560,1440,ogpu,resident,2,10,0,3e-05,0.00167,0.076469,0.846151,0.01697,0.00022,4e-05,0.94155,0.7668
1280,720,2560,1440,ogpu,resident,2,11,1,3e-05,0.00195,0.089589,0.847632,0.0157,0.00017,3e-05,0.955101,0.75444
1280,720,2560,1440,ogpu,resident,2,12,0,3e-05,0.00161,0.07607,0.818692,0.016489,0.0002,3e-05,0.913121,0.74356
1280,720,2560,1440,ogpu,resident,2,13,1,3e-05,0.00191,0.088749,0.834383,0.014469,0.00021,4e-05,0.939791,0.74408
1280,720,2560,1440,ogpu,resident,2,14,0,3e-05,0.00163,0.07578,0.819112,0.681623,0.0017,0.00012,1.579995,0.74372
1280,720,2560,1440,ogpu,resident,2,15,1,4e-05,0.00585,0.135719,0.820252,0.01734,0.00028,5e-05,0.979531,0.7444
1280,720,2560,1440,ogpu,resident,2,16,0,3e-05,0.0022,0.091079,0.820522,0.01437,0.00019,3e-05,0.928421,0.7448
1280,720,2560,1440,ogpu,resident,2,17,1,3e-05,0.00171,0.074599,0.814162,0.01395,0.00023,3e-05,0.904711,0.74184
1280,720,2560,1440,ogpu,resident,2,18,0,3e-05,0.00178,0.076569,0.848212,0.01364,0.0002,3e-05,0.940461,0.74048
1280,720,2560,1440,ogpu,resident,2,19,1,2e-05,0.00166,0.078319,0.814342,0.01638,0.00023,3e-05,0.910981,0.7434
1280,720,2560,1440,ogpu,resident,2,20,0,4e-05,0.00192,0.084369,0.826442,0.02163,0.00024,4e-05,0.934681,0.7438
1280,720,2560,1440,ogpu,resident,2,21,1,3e-05,0.00194,0.079319,0.807212,0.01371,0.00021,2e-05,0.902441,0.74148
1280,720,2560,1440,ogpu,resident,2,22,0,3e-05,0.00164,0.073509,0.815243,0.01584,0.00025,3e-05,0.906542,0.74376
1280,720,2560,1440,ogpu,resident,2,23,1,4e-05,0.001859,0.08457,0.828632,0.01391,0.00021,2e-05,0.929241,0.74152
1280,720,2560,1440,ogpu,resident,2,24,0,3e-05,0.001769,0.07521,0.803222,0.01291,0.00018,3e-05,0.893351,0.74
1280,720,2560,1440,ogpu,resident,2,25,1,3e-05,0.00168,0.079329,0.843092,0.01609,0.00023,4e-05,0.940491,0.74364
1280,720,2560,1440,ogpu,resident,2,26,0,4e-05,0.00196,0.085759,0.806492,0.0133,0.00018,2e-05,0.907751,0.74228
1280,720,2560,1440,ogpu,resident,2,27,1,3e-05,0.00163,0.072079,0.842562,0.01373,0.00021,2e-05,0.930261,0.74348
1280,720,2560,1440,ogpu,resident,2,28,0,3e-05,0.0017,0.072869,0.806283,0.013539,0.00023,4e-05,0.894691,0.74216
1280,720,2560,1440,ogpu,resident,2,29,1,3e-05,0.00157,0.07551,0.815582,0.014089,0.00023,5e-05,0.907061,0.7454
1280,720,2560,1440,ogpu,resident,2,30,0,3e-05,0.00181,0.0745,0.804382,0.01329,0.00022,3e-05,0.894262,0.74048
1280,720,2560,1440,ogpu,resident,2,31,1,3e-05,0.00154,0.084019,0.835722,0.01614,0.00026,3e-05,0.937741,0.74192
1280,720,2560,1440,ogpu,resident,2,32,0,4e-05,0.00203,0.086379,0.805522,0.01368,0.00024,3e-05,0.907921,0.74184
1280,720,2560,1440,ogpu,resident,2,33,1,3e-05,0.00164,0.072529,0.811832,0.01599,0.00028,4e-05,0.902341,0.74188
1280,720,2560,1440,ogpu,resident,2,34,0,4e-05,0.00192,0.084669,0.821802,0.01418,0.00024,2e-05,0.922871,0.74148
1280,720,2560,1440,ogpu,resident,2,35,1,3e-05,0.0016,0.07177,0.813372,0.01426,0.00022,4e-05,0.901292,0.74476
1280,720,2560,1440,ogpu,resident,2,36,0,2e-05,0.00179,0.073059,0.839372,0.0133,0.00021,4e-05,0.927791,0.74296
1280,720,2560,1440,ogpu,resident,2,37,1,3e-05,0.00162,0.076449,0.809052,0.0161,0.00026,5e-05,0.903561,0.7412
1280,720,2560,1440,ogpu,resident,2,38,0,3e-05,0.00197,0.084639,0.821482,0.01422,0.00019,3e-05,0.922561,0.74148
1280,720,2560,1440,ogpu,resident,2,39,1,3e-05,0.00162,0.074309,0.807083,0.013349,0.00022,3e-05,0.896641,0.7428
1280,720,2560,1440,ogpu,end-to-end,2,10,0,0.188438,0.00273,0.094999,3.713385,0.018819,0.00036,0.823302,4.842033,3.50448
1280,720,2560,1440,ogpu,end-to-end,2,11,1,0.189399,0.00272,0.096569,3.782923,0.01912,0.00033,0.819642,4.910703,3.52344
1280,720,2560,1440,ogpu,end-to-end,2,12,0,0.189578,0.00257,0.093119,3.766874,0.02021,0.00038,0.814612,4.887343,3.50428
1280,720,2560,1440,ogpu,end-to-end,2,13,1,0.186818,0.00283,0.095609,3.764284,0.018919,0.00033,0.734783,4.803573,3.4996
1280,720,2560,1440,ogpu,end-to-end,2,14,0,0.142299,0.00327,0.111269,3.579045,0.02748,0.00043,0.696993,4.560786,3.5012
1280,720,2560,1440,ogpu,end-to-end,2,15,1,0.106349,0.0023,0.092429,3.593736,0.017939,0.00027,0.742583,4.555606,3.49764
1280,720,2560,1440,ogpu,end-to-end,2,16,0,0.158479,0.00346,0.111189,3.585305,0.01903,0.00026,0.677333,4.555056,3.49912
1280,720,2560,1440,ogpu,end-to-end,2,17,1,0.114469,0.00238,0.099389,3.578755,0.02016,0.00027,0.774813,4.590236,3.4994
1280,720,2560,1440,ogpu,end-to-end,2,18,0,0.151888,0.00348,0.096209,3.583876,0.019279,0.00025,0.702614,4.557596,3.49768
1280,720,2560,1440,ogpu,end-to-end,2,19,1,0.135468,0.00283,0.108129,3.586816,0.01986,0.00029,0.699033,4.552426,3.50576
1280,720,2560,1440,ogpu,end-to-end,2,20,0,0.131338,0.00234,0.09079,3.582185,0.01929,0.00026,0.686363,4.512566,3.50092
1280,720,2560,1440,ogpu,end-to-end,2,21,1,0.126069,0.00264,0.105189,3.587775,0.01889,0.00027,0.711153,4.551986,3.50532
1280,720,2560,1440,ogpu,end-to-end,2,22,0,0.129789,0.00258,0.090489,3.582415,0.01865,0.00026,0.699963,4.524146,3.50208
1280,720,2560,1440,ogpu,end-to-end,2,23,1,0.143999,0.00299,0.106879,3.590995,0.01867,0.00027,0.698033,4.561836,3.50028
1280,720,2560,1440,ogpu,end-to-end,2,24,0,0.129069,0.00258,0.090579,3.578646,0.020159,0.00033,0.691654,4.513017,3.49688
1280,720,2560,1440,ogpu,end-to-end,2,25,1,0.131998,0.00277,0.103499,3.590335,0.01982,0.00029,0.681314,4.530026,3.49884
1280,720,2560,1440,ogpu,end-to-end,2,26,0,0.128169,0.00236,0.087089,3.605005,0.01833,0.00022,0.667223,4.508396,3.50364
1280,720,2560,1440,ogpu,end-to-end,2,27,1,0.120009,0.00264,0.091529,3.588535,0.0183,0.00027,0.668374,4.489657,3.49756
1280,720,2560,1440,ogpu,end-to-end,2,28,0,0.124719,0.00232,0.086929,3.579975,0.01823,0.00024,0.696283,4.508696,3.5012
1280,720,2560,1440,ogpu,end-to-end,2,29,1,0.129489,0.00271,0.104929,3.588125,0.01898,0.00027,0.655934,4.500437,3.50152
1280,720,2560,1440,ogpu,end-to-end,2,30,0,0.124119,0.00227,0.085949,3.606055,0.01881,0.00024,0.703373,4.540816,3.50336
1280,720,2560,1440,ogpu,end-to-end,2,31,1,0.133529,0.002839,0.108109,3.584636,0.01908,0.00027,0.735503,4.583966,3.50236
1280,720,2560,1440,ogpu,end-to-end,2,32,0,0.139448,0.00301,0.101149,3.579916,0.018969,0.00026,0.730733,4.573485,3.49836
1280,720,2560,1440,ogpu,end-to-end,2,33,1,0.139809,0.00236,0.090199,3.578336,0.018859,0.00028,0.684184,4.514027,3.50128
1280,720,2560,1440,ogpu,end-to-end,2,34,0,0.158848,0.0034,0.132259,3.576275,0.01751,0.00029,0.727783,4.616365,3.49972
1280,720,2560,1440,ogpu,end-to-end,2,35,1,0.123459,0.00273,0.108479,3.580025,0.01746,0.00029,0.701623,4.534066,3.50292
1280,720,2560,1440,ogpu,end-to-end,2,36,0,0.151599,0.00289,0.110649,3.584225,0.01675,0.00028,0.681273,4.547666,3.50524
1280,720,2560,1440,ogpu,end-to-end,2,37,1,0.117549,0.00247,0.096589,3.593165,0.01721,0.00029,0.694233,4.521506,3.50544
1280,720,2560,1440,ogpu,end-to-end,2,38,0,0.132389,0.0031,0.109869,3.578506,0.017389,0.00028,0.674844,4.516377,3.4982
1280,720,2560,1440,ogpu,end-to-end,2,39,1,0.120979,0.00228,0.089289,3.579495,0.02006,0.00033,0.684033,4.496466,3.50052
1280,720,2560,1440,native,end-to-end,2,10,0,0.153669,0.079399,0.01972,3.688894,0.01563,5e-05,0.894121,4.851483,3.50124
1280,720,2560,1440,native,end-to-end,2,11,1,0.158789,0.070059,0.01725,3.694484,0.01523,4e-05,0.862572,4.818424,3.49656
1280,720,2560,1440,native,end-to-end,2,12,0,0.135938,0.06925,0.017009,3.592836,0.01513,5e-05,0.835761,4.665974,3.50428
1280,720,2560,1440,native,end-to-end,2,13,1,0.149819,0.076539,0.0172,3.594665,0.01572,5e-05,0.831492,4.685485,3.50076
1280,720,2560,1440,native,end-to-end,2,14,0,0.137649,0.071219,0.01749,3.575646,0.016479,4e-05,0.810532,4.629055,3.49768
1280,720,2560,1440,native,end-to-end,2,15,1,0.141829,0.082749,0.02012,3.574176,0.016499,5e-05,0.788393,4.623816,3.49944
1280,720,2560,1440,native,end-to-end,2,16,0,0.128838,0.06864,0.01633,3.583035,0.0162,5e-05,0.780862,4.593955,3.50776
1280,720,2560,1440,native,end-to-end,2,17,1,0.137459,0.078509,0.01631,3.572696,0.016129,4e-05,0.744793,4.565936,3.49664
1280,720,2560,1440,native,end-to-end,2,18,0,0.132859,0.068169,0.0166,3.573676,0.015639,4e-05,0.761233,4.568216,3.499
1280,720,2560,1440,native,end-to-end,2,19,1,0.133309,0.068169,0.0162,3.571935,0.01552,3e-05,0.756513,4.561676,3.49844
1280,720,2560,1440,native,end-to-end,2,20,0,0.133719,0.080079,0.01911,3.584155,0.01727,4e-05,0.765222,4.599595,3.50552
1280,720,2560,1440,native,end-to-end,2,21,1,0.130829,0.069979,0.01797,3.581716,0.01612,4e-05,0.753112,4.569766,3.50236
1280,720,2560,1440,native,end-to-end,2,22,0,0.135129,0.083949,0.02032,3.580085,0.0158,5e-05,0.725723,4.561056,3.49948
1280,720,2560,1440,native,end-to-end,2,23,1,0.126449,0.067399,0.01649,3.579666,0.015959,4e-05,0.731833,4.537836,3.50552
1280,720,2560,1440,native,end-to-end,2,24,0,0.132279,0.079489,0.01916,3.574716,0.016309,4e-05,0.719593,4.541586,3.49728
1280,720,2560,1440,native,end-to-end,2,25,1,0.127759,0.075199,0.01624,3.580406,0.01574,4e-05,0.725792,4.541176,3.50232
1280,720,2560,1440,native,end-to-end,2,26,0,0.134259,0.072879,0.01623,3.572396,0.0162,4e-05,0.730683,4.542687,3.49856
1280,720,2560,1440,native,end-to-end,2,27,1,0.141908,0.081639,0.01962,3.579416,0.01701,5e-05,0.727002,4.566645,3.49952
1280,720,2560,1440,native,end-to-end,2,28,0,0.123009,0.083309,0.01677,3.576026,0.02228,5e-05,0.724903,4.546347,3.49912
1280,720,2560,1440,native,end-to-end,2,29,1,0.139098,0.081579,0.01956,3.576226,0.01592,5e-05,0.716293,4.548726,3.50052
1280,720,2560,1440,native,end-to-end,2,30,0,0.122318,0.06874,0.01648,3.577095,0.01618,4e-05,0.708213,4.509066,3.50108
1280,720,2560,1440,native,end-to-end,2,31,1,0.133549,0.080309,0.01981,3.575745,0.01654,5e-05,0.704383,4.530386,3.498
1280,720,2560,1440,native,end-to-end,2,32,0,0.120519,0.070749,0.01683,3.603046,0.024729,8e-05,0.762153,4.598106,3.5028
1280,720,2560,1440,native,end-to-end,2,33,1,0.133988,0.09038,0.023689,3.578456,0.01616,4e-05,0.736002,4.578715,3.5004
1280,720,2560,1440,native,end-to-end,2,34,0,0.162449,0.101969,0.01937,3.580955,0.01563,4e-05,0.743643,4.624056,3.50416
1280,720,2560,1440,native,end-to-end,2,35,1,0.146928,0.07372,0.022429,3.583126,0.01701,5e-05,0.710973,4.554236,3.5038
1280,720,2560,1440,native,end-to-end,2,36,0,0.153608,0.08424,0.021629,3.576726,0.01683,5e-05,0.714803,4.567886,3.49928
1280,720,2560,1440,native,end-to-end,2,37,1,0.123558,0.07222,0.018449,3.573986,0.01412,4e-05,0.700153,4.502526,3.50168
1280,720,2560,1440,native,end-to-end,2,38,0,0.132099,0.084709,0.02103,3.570115,0.01391,4e-05,0.672524,4.494427,3.50048
1280,720,2560,1440,native,end-to-end,2,39,1,0.121308,0.07093,0.0183,3.622435,0.02456,6e-05,0.762142,4.619735,3.49788
1920,1080,960,540,ogpu,resident,2,10,0,2e-05,0.00178,0.079829,1.00708,0.01819,0.00029,3e-05,1.107219,0.9332
1920,1080,960,540,ogpu,resident,2,11,1,3e-05,0.00204,0.084999,1.004001,0.017999,0.00023,3e-05,1.109329,0.9334
1920,1080,960,540,ogpu,resident,2,12,0,2e-05,0.00169,0.07778,0.99922,0.01403,0.0002,3e-05,1.09297,0.9328
1920,1080,960,540,ogpu,resident,2,13,1,3e-05,0.00163,0.078919,1.03569,0.01617,0.00025,3e-05,1.132719,0.93288
1920,1080,960,540,ogpu,resident,2,14,0,3e-05,0.00191,0.082699,1.00601,0.01678,0.00023,3e-05,1.107689,0.93752
1920,1080,960,540,ogpu,resident,2,15,1,3e-05,0.00172,0.073949,1.013731,0.01889,0.0003,5e-05,1.10867,0.93364
1920,1080,960,540,ogpu,resident,2,16,0,3e-05,0.00208,0.101789,1.00149,0.01657,0.00024,4e-05,1.122239,0.93452
1920,1080,960,540,ogpu,resident,2,17,1,2e-05,0.00173,0.073489,1.00228,0.01838,0.00028,3e-05,1.096209,0.93268
1920,1080,960,540,ogpu,resident,2,18,0,3e-05,0.0019,0.089779,1.01234,0.01983,0.00031,3e-05,1.124219,0.93448
1920,1080,960,540,ogpu,resident,2,19,1,3e-05,0.00203,0.086609,1.005831,0.019409,0.00031,3e-05,1.114249,0.93312
1920,1080,960,540,ogpu,resident,2,20,0,3e-05,0.00201,0.08392,1.02279,0.01662,0.00025,3e-05,1.12565,0.93444
1920,1080,960,540,ogpu,resident,2,21,1,3e-05,0.0016,0.074889,1.00452,0.01835,0.0003,3e-05,1.099719,0.93332
1920,1080,960,540,ogpu,resident,2,22,0,3e-05,0.00189,0.089289,1.02272,0.03147,0.0028,4e-05,1.148239,0.93352
1920,1080,960,540,ogpu,resident,2,23,1,3e-05,0.0027,0.117089,1.00423,0.02207,0.00022,3e-05,1.146369,0.93196
1920,1080,960,540,ogpu,resident,2,24,0,3e-05,0.00177,0.136759,0.99718,0.01805,0.00027,3e-05,1.154089,0.93224
1920,1080,960,540,ogpu,resident,2,25,1,3e-05,0.00179,0.098009,1.00243,0.02112,0.00029,3e-05,1.123699,0.9326
1920,1080,960,540,ogpu,resident,2,26,0,3e-05,0.00182,0.086679,1.01294,0.02561,0.00026,4e-05,1.127379,0.93388
1920,1080,960,540,ogpu,resident,2,27,1,3e-05,0.002,0.102609,1.00801,0.02941,0.00032,3e-05,1.142409,0.93276
1920,1080,960,540,ogpu,resident,2,28,0,3e-05,0.00189,0.088179,1.00251,0.02255,0.00028,3e-05,1.115469,0.93328
1920,1080,960,540,ogpu,resident,2,29,1,3e-05,0.00165,0.086239,1.002941,0.018549,0.00024,3e-05,1.109679,0.93196
1920,1080,960,540,ogpu,resident,2,30,0,3e-05,0.00368,0.08687,1.00456,0.02236,0.00028,3e-05,1.11781,0.93188
1920,1080,960,540,ogpu,resident,2,31,1,2e-05,0.001839,0.08887,1.00051,0.01878,0.00022,3e-05,1.110269,0.93148
1920,1080,960,540,ogpu,resident,2,32,0,2e-05,0.00369,0.099919,1.00471,0.02597,0.00037,3e-05,1.134709,0.93208
1920,1080,960,540,ogpu,resident,2,33,1,3e-05,0.00494,0.102009,0.99935,0.01794,0.00028,4e-05,1.124589,0.93296
1920,1080,960,540,ogpu,resident,2,34,0,2e-05,0.00182,0.095979,1.00521,0.02514,0.00034,4e-05,1.128549,0.93256
1920,1080,960,540,ogpu,resident,2,35,1,4e-05,0.00211,0.100779,1.00783,0.02516,0.00027,5e-05,1.136239,0.933
1920,1080,960,540,ogpu,resident,2,36,0,3e-05,0.00783,0.090209,1.0039,0.02154,0.00026,3e-05,1.123799,0.93312
1920,1080,960,540,ogpu,resident,2,37,1,3e-05,0.00172,0.087759,1.003851,0.02126,0.00023,2e-05,1.11487,0.93128
1920,1080,960,540,ogpu,resident,2,38,0,2e-05,0.00164,0.087289,1.0027,0.01867,0.00216,4e-05,1.112519,0.93348
1920,1080,960,540,ogpu,resident,2,39,1,3e-05,0.00169,0.086089,1.00075,0.0198,0.00025,3e-05,1.108639,0.93204
1920,1080,960,540,native,resident,2,10,0,3e-05,0.070779,0.02017,1.01316,0.01779,4e-05,3e-05,1.121999,0.93368
1920,1080,960,540,native,resident,2,11,1,3e-05,0.066209,0.01822,1.001,0.01588,3e-05,3e-05,1.101399,0.93404
1920,1080,960,540,native,resident,2,12,0,2e-05,0.06274,0.017689,1.0381,0.01657,3e-05,3e-05,1.135179,0.93336
1920,1080,960,540,native,resident,2,13,1,2e-05,0.058129,0.0163,1.001771,0.01826,5e-05,3e-05,1.09456,0.93268
1920,1080,960,540,native,resident,2,14,0,3e-05,0.070749,0.01917,1.01923,0.01607,3e-05,2e-05,1.125299,0.93428
1920,1080,960,540,native,resident,2,15,1,2e-05,0.057499,0.01516,1.00399,0.01805,4e-05,3e-05,1.094789,0.93276
1920,1080,960,540,native,resident,2,16,0,3e-05,0.075509,0.01955,1.01493,0.01632,4e-05,2e-05,1.126399,0.93312
1920,1080,960,540,native,resident,2,17,1,2e-05,0.0668,0.015679,1.000971,0.01589,4e-05,3e-05,1.09943,0.93576
1920,1080,960,540,native,resident,2,18,0,2e-05,0.063659,0.01509,1.00951,0.01826,3e-05,3e-05,1.106599,0.93408
1920,1080,960,540,native,resident,2,19,1,3e-05,0.066779,0.01792,1.002561,0.018919,4e-05,3e-05,1.106279,0.93332
1920,1080,960,540,native,resident,2,20,0,3e-05,0.07027,0.016279,1.02568,0.01643,3e-05,2e-05,1.128739,0.93412
1920,1080,960,540,native,resident,2,21,1,2e-05,0.05686,0.015489,1.024751,0.01882,4e-05,4e-05,1.11602,0.93908
1920,1080,960,540,native,resident,2,22,0,3e-05,0.082029,0.024519,1.001851,0.01422,3e-05,3e-05,1.122709,0.93312
1920,1080,960,540,native,resident,2,23,1,2e-05,0.060139,0.01663,1.00454,0.0169,4e-05,3e-05,1.098299,0.93312
1920,1080,960,540,native,resident,2,24,0,4e-05,0.068699,0.02015,1.01921,0.01279,4e-05,2e-05,1.120949,0.93244
1920,1080,960,540,native,resident,2,25,1,3e-05,0.05572,0.016089,1.025231,0.01614,4e-05,3e-05,1.11328,0.93256
1920,1080,960,540,native,resident,2,26,0,3e-05,0.067519,0.0204,1.02235,0.01427,3e-05,3e-05,1.124629,0.93144
1920,1080,960,540,native,resident,2,27,1,2e-05,0.091659,0.022399,1.006831,0.017209,5e-05,4e-05,1.138208,0.93224
1920,1080,960,540,native,resident,2,28,0,3e-05,0.06998,0.0197,1.00789,0.01391,2e-05,3e-05,1.11156,0.93212
1920,1080,960,540,native,resident,2,29,1,2e-05,0.056659,0.01608,1.0035,0.01576,5e-05,3e-05,1.092099,0.93292
1920,1080,960,540,native,resident,2,30,0,3e-05,0.06641,0.019849,1.013551,0.013119,4e-05,2e-05,1.113019,0.93228
1920,1080,960,540,native,resident,2,31,1,3e-05,0.05699,0.01645,1.00241,0.01316,4e-05,3e-05,1.08911,0.93204
1920,1080,960,540,native,resident,2,32,0,3e-05,0.05804,0.017679,1.04159,0.01557,5e-05,3e-05,1.132989,0.93288
1920,1080,960,540,native,resident,2,33,1,3e-05,0.077459,0.01955,1.001461,0.013009,4e-05,2e-05,1.111569,0.93192
1920,1080,960,540,native,resident,2,34,0,2e-05,0.05663,0.01642,1.054699,0.01594,3e-05,4e-05,1.143779,0.9336
1920,1080,960,540,native,resident,2,35,1,3e-05,0.06642,0.018939,1.004741,0.016139,4e-05,3e-05,1.106339,0.93156
1920,1080,960,540,native,resident,2,36,0,3e-05,0.09695,0.019169,1.005951,0.01658,5e-05,3e-05,1.13876,0.9322
1920,1080,960,540,native,resident,2,37,1,3e-05,0.070009,0.01644,1.00078,0.01328,3e-05,2e-05,1.100589,0.93232
1920,1080,960,540,native,resident,2,38,0,3e-05,0.058979,0.01645,1.00718,0.01555,4e-05,3e-05,1.098259,0.93376
1920,1080,960,540,native,resident,2,39,1,3e-05,0.06646,0.020759,1.017011,0.0138,3e-05,3e-05,1.11812,0.93292
1920,1080,960,540,native,end-to-end,2,10,0,0.283437,0.087589,0.02033,2.501116,0.03224,4e-05,0.075239,2.999991,2.41344
1920,1080,960,540,native,end-to-end,2,11,1,0.251808,0.089509,0.01706,2.511016,0.023289,4e-05,0.088879,2.981601,2.41884
1920,1080,960,540,native,end-to-end,2,12,0,0.247678,0.085229,0.01841,2.513066,0.024449,5e-05,0.08016,2.969042,2.41384
1920,1080,960,540,native,end-to-end,2,13,1,0.256057,0.092139,0.0205,2.521436,0.027989,4e-05,0.086099,3.00426,2.41244
1920,1080,960,540,native,end-to-end,2,14,0,0.296708,0.099939,0.01882,2.530305,0.02862,4e-05,0.080019,3.054451,2.41308
1920,1080,960,540,native,end-to-end,2,15,1,0.253597,0.09405,0.021089,2.509136,0.02789,4e-05,0.079289,2.985091,2.41332
1920,1080,960,540,native,end-to-end,2,16,0,0.252518,0.095859,0.01978,2.512055,0.02786,4e-05,0.077169,2.985281,2.41344
1920,1080,960,540,native,end-to-end,2,17,1,0.276218,0.093939,0.0179,2.510045,0.02834,4e-05,0.077709,3.004191,2.41228
1920,1080,960,540,native,end-to-end,2,18,0,0.251038,0.094199,0.01826,2.512076,0.022679,4e-05,0.08158,2.979872,2.41416
1920,1080,960,540,native,end-to-end,2,19,1,0.250657,0.094309,0.01753,2.544575,0.02932,5e-05,0.072379,3.00882,2.41272
1920,1080,960,540,native,end-to-end,2,20,0,0.277268,0.093469,0.021539,2.501916,0.01827,3e-05,0.071429,2.983921,2.41304
1920,1080,960,540,native,end-to-end,2,21,1,0.239818,0.083249,0.02145,2.490246,0.01671,4e-05,0.092169,2.943682,2.41204
1920,1080,960,540,native,end-to-end,2,22,0,0.281767,0.107699,0.02477,2.501566,0.02403,5e-05,0.092809,3.032691,2.41324
1920,1080,960,540,native,end-to-end,2,23,1,0.293057,0.089509,0.01879,2.495206,0.017629,3e-05,0.08131,2.995531,2.41244
1920,1080,960,540,native,end-to-end,2,24,0,0.278807,0.084579,0.01764,2.496826,0.02139,5e-05,0.077959,2.977251,2.41444
1920,1080,960,540,native,end-to-end,2,25,1,0.265538,0.084359,0.0201,2.489205,0.01618,4e-05,0.080699,2.956121,2.41356
1920,1080,960,540,native,end-to-end,2,26,0,0.256428,0.080659,0.02038,2.493546,0.01745,5e-05,0.082739,2.951252,2.41316
1920,1080,960,540,native,end-to-end,2,27,1,0.285087,0.087009,0.0208,2.488096,0.01609,4e-05,0.086199,2.983321,2.41208
1920,1080,960,540,native,end-to-end,2,28,0,0.285377,0.079939,0.01905,2.493436,0.01641,4e-05,0.085339,2.979591,2.4176
1920,1080,960,540,native,end-to-end,2,29,1,0.293017,0.08288,0.019839,2.485656,0.01549,4e-05,0.092479,2.989401,2.41348
1920,1080,960,540,native,end-to-end,2,30,0,0.313757,0.08479,0.019709,2.488626,0.01541,4e-05,0.079709,3.002041,2.41288
1920,1080,960,540,native,end-to-end,2,31,1,0.266628,0.080799,0.02008,2.491106,0.01717,5e-05,0.080299,2.956132,2.41336
1920,1080,960,540,native,end-to-end,2,32,0,0.280387,0.082599,0.02048,2.492116,0.01556,3e-05,0.079289,2.970461,2.41444
1920,1080,960,540,native,end-to-end,2,33,1,0.261187,0.07825,0.0195,2.493545,0.01803,4e-05,0.087959,2.958511,2.41312
1920,1080,960,540,native,end-to-end,2,34,0,0.296527,0.0862,0.021269,2.484917,0.015469,3e-05,0.08185,2.986262,2.41268
1920,1080,960,540,native,end-to-end,2,35,1,0.291027,0.081079,0.02047,2.498666,0.01756,5e-05,0.081449,2.990301,2.4128
1920,1080,960,540,native,end-to-end,2,36,0,0.275967,0.083759,0.02141,2.502856,0.028049,5e-05,0.08549,2.997581,2.4128
1920,1080,960,540,native,end-to-end,2,37,1,0.299917,0.103029,0.02458,2.493866,0.028069,4e-05,0.087399,3.0369,2.41296
1920,1080,960,540,native,end-to-end,2,38,0,0.268968,0.097419,0.02257,2.511955,0.03803,9e-05,0.087069,3.026101,2.41248
1920,1080,960,540,native,end-to-end,2,39,1,0.291607,0.097349,0.02309,2.494916,0.02017,4e-05,0.097229,3.024401,2.41256
1920,1080,960,540,ogpu,end-to-end,2,10,0,0.274228,0.00204,0.082959,2.488826,0.01633,0.00021,0.074039,2.938632,2.41308
1920,1080,960,540,ogpu,end-to-end,2,11,1,0.240057,0.00246,0.095839,2.494206,0.01701,0.00023,0.083779,2.933581,2.41312
1920,1080,960,540,ogpu,end-to-end,2,12,0,0.279098,0.00255,0.095219,2.501636,0.01703,0.00036,0.081169,2.977062,2.41268
1920,1080,960,540,ogpu,end-to-end,2,13,1,0.260597,0.0027,0.101759,2.487336,0.01622,0.00055,0.084349,2.953511,2.413
1920,1080,960,540,ogpu,end-to-end,2,14,0,0.248758,0.00239,0.096809,2.486266,0.01569,0.000329,0.08243,2.932672,2.41264
1920,1080,960,540,ogpu,end-to-end,2,15,1,0.274747,0.00234,0.095949,2.484786,0.01612,0.00026,0.075369,2.949571,2.41172
1920,1080,960,540,ogpu,end-to-end,2,16,0,0.244278,0.00235,0.095529,2.488546,0.01638,0.00021,0.075699,2.922992,2.41244
1920,1080,960,540,ogpu,end-to-end,2,17,1,0.244368,0.00238,0.098609,2.492146,0.017589,0.00024,0.07588,2.931212,2.41164
1920,1080,960,540,ogpu,end-to-end,2,18,0,0.280257,0.00235,0.099129,2.491496,0.01614,0.00024,0.075129,2.964741,2.41328
1920,1080,960,540,ogpu,end-to-end,2,19,1,0.253827,0.00242,0.098499,2.492227,0.015839,0.00029,0.07651,2.939612,2.41372
1920,1080,960,540,ogpu,end-to-end,2,20,0,0.282937,0.00252,0.099239,2.491206,0.01551,0.00024,0.075429,2.967081,2.41244
1920,1080,960,540,ogpu,end-to-end,2,21,1,0.274077,0.00228,0.192128,2.501136,0.02149,0.00057,0.163538,3.155219,2.415
1920,1080,960,540,ogpu,end-to-end,2,22,0,0.769573,0.0054,0.111969,2.494036,0.01826,0.00028,0.142618,3.542136,2.41896
1920,1080,960,540,ogpu,end-to-end,2,23,1,0.734003,0.00388,0.112609,2.510106,0.017589,0.00026,0.137089,3.515536,2.42344
1920,1080,960,540,ogpu,end-to-end,2,24,0,0.624454,0.00277,0.094269,2.487416,0.01603,0.00022,0.130059,3.355218,2.41348
1920,1080,960,540,ogpu,end-to-end,2,25,1,0.596714,0.00239,0.088259,2.499436,0.01767,0.00028,0.108099,3.312848,2.41876
1920,1080,960,540,ogpu,end-to-end,2,26,0,0.411896,0.00279,0.117348,2.490667,0.016789,0.00026,0.091689,3.131439,2.41184
1920,1080,960,540,ogpu,end-to-end,2,27,1,0.354587,0.00258,0.103859,2.491766,0.01614,0.00027,0.075639,3.044841,2.41372
1920,1080,960,540,ogpu,end-to-end,2,28,0,0.291837,0.00231,0.100049,2.491756,0.01682,0.00026,0.073749,2.976781,2.4124
1920,1080,960,540,ogpu,end-to-end,2,29,1,0.273277,0.00958,0.103479,2.489786,0.01603,0.00025,0.07169,2.964092,2.41316
1920,1080,960,540,ogpu,end-to-end,2,30,0,0.262947,0.00237,0.106589,2.497206,0.01746,0.00028,0.072349,2.959201,2.41336
1920,1080,960,540,ogpu,end-to-end,2,31,1,0.259168,0.002789,0.117749,2.489906,0.01574,0.00026,0.070609,2.956221,2.41356
1920,1080,960,540,ogpu,end-to-end,2,32,0,0.256478,0.00239,0.099589,2.494226,0.01808,0.00028,0.074139,2.945182,2.41348
1920,1080,960,540,ogpu,end-to-end,2,33,1,0.255618,0.00261,0.102139,2.488746,0.015999,0.00026,0.0709,2.936272,2.4134
1920,1080,960,540,ogpu,end-to-end,2,34,0,0.251537,0.00237,0.099169,2.495556,0.01708,0.00029,0.081089,2.947091,2.41308
1920,1080,960,540,ogpu,end-to-end,2,35,1,0.283437,0.00319,0.112049,2.494446,0.01632,0.00024,0.086669,2.996351,2.41592
1920,1080,960,540,ogpu,end-to-end,2,36,0,0.289687,0.00264,0.109019,2.488896,0.01629,0.00028,0.073049,2.979861,2.41256
1920,1080,960,540,ogpu,end-to-end,2,37,1,0.259118,0.00243,0.098339,2.497016,0.01678,0.00026,0.073569,2.947512,2.41508
1920,1080,960,540,ogpu,end-to-end,2,38,0,0.264137,0.00272,0.101009,2.486176,0.01602,0.00025,0.070699,2.941011,2.41336
1920,1080,960,540,ogpu,end-to-end,2,39,1,0.253498,0.00243,0.098839,2.493216,0.01714,0.0003,0.072239,2.937662,2.41136
3840,2160,1919,1079,native,resident,2,10,0,3e-05,0.070639,0.01903,3.767904,0.01855,5e-05,3e-05,3.876233,3.69444
3840,2160,1919,1079,native,resident,2,11,1,3e-05,0.076289,0.01807,3.794043,0.01985,6e-05,3e-05,3.908372,3.71916
3840,2160,1919,1079,native,resident,2,12,0,3e-05,0.072229,0.01844,3.808103,0.0173,5e-05,4e-05,3.916192,3.737
3840,2160,1919,1079,native,resident,2,13,1,3e-05,0.066859,0.01816,3.856463,0.01877,5e-05,3e-05,3.960362,3.75624
3840,2160,1919,1079,native,resident,2,14,0,3e-05,0.071349,0.02032,3.855853,0.019369,5e-05,3e-05,3.967001,3.77596
3840,2160,1919,1079,native,resident,2,15,1,3e-05,0.07333,0.01938,3.858582,0.01915,6e-05,3e-05,3.970562,3.78064
3840,2160,1919,1079,native,resident,2,16,0,4e-05,0.072329,0.02076,3.864233,0.01815,4e-05,3e-05,3.975582,3.78076
3840,2160,1919,1079,native,resident,2,17,1,3e-05,0.070179,0.0182,3.874522,0.01916,5e-05,3e-05,3.982171,3.79548
3840,2160,1919,1079,native,resident,2,18,0,3e-05,0.071209,0.02033,3.876443,0.0188,5e-05,3e-05,3.986892,3.78608
3840,2160,1919,1079,native,resident,2,19,1,4e-05,0.070029,0.01863,3.868172,0.01919,5e-05,4e-05,3.976151,3.79324
3840,2160,1919,1079,native,resident,2,20,0,3e-05,0.073619,0.01923,3.868143,0.01844,5e-05,3e-05,3.979542,3.79312
3840,2160,1919,1079,native,resident,2,21,1,3e-05,0.069259,0.01838,3.874462,0.01896,4e-05,4e-05,3.981171,3.79412
3840,2160,1919,1079,native,resident,2,22,0,3e-05,0.072219,0.02137,3.882653,0.01913,5e-05,3e-05,3.995482,3.79704
3840,2160,1919,1079,native,resident,2,23,1,3e-05,0.073079,0.01925,3.872442,0.02044,5e-05,3e-05,3.985321,3.79468
3840,2160,1919,1079,native,resident,2,24,0,3e-05,0.073159,0.01991,3.888683,0.017349,4e-05,3e-05,3.999201,3.80224
3840,2160,1919,1079,native,resident,2,25,1,3e-05,0.06745,0.01751,3.873012,0.01868,4e-05,4e-05,3.976762,3.79612
3840,2160,1919,1079,native,resident,2,26,0,3e-05,0.072669,0.01904,3.865832,0.019,5e-05,3e-05,3.976651,3.78804
3840,2160,1919,1079,native,resident,2,27,1,4e-05,0.07416,0.018989,3.867573,0.01798,6e-05,3e-05,3.978832,3.79144
3840,2160,1919,1079,native,resident,2,28,0,3e-05,0.071889,0.01859,3.860473,0.01751,5e-05,3e-05,3.968572,3.79124
3840,2160,1919,1079,native,resident,2,29,1,3e-05,0.067759,0.0186,3.880812,0.01878,5e-05,3e-05,3.986061,3.80524
3840,2160,1919,1079,native,resident,2,30,0,3e-05,0.072639,0.01968,3.874993,0.019749,5e-05,3e-05,3.987171,3.80048
3840,2160,1919,1079,native,resident,2,31,1,3e-05,0.07293,0.020749,3.870903,0.01801,5e-05,3e-05,3.982702,3.79936
3840,2160,1919,1079,native,resident,2,32,0,6e-05,0.070139,0.01845,3.867673,0.01801,4e-05,3e-05,3.974402,3.79612
3840,2160,1919,1079,native,resident,2,33,1,3e-05,0.068549,0.01831,3.873812,0.01831,4e-05,4e-05,3.979091,3.80104
3840,2160,1919,1079,native,resident,2,34,0,3e-05,0.070199,0.0201,3.885943,0.018979,5e-05,3e-05,3.995331,3.79644
3840,2160,1919,1079,native,resident,2,35,1,3e-05,0.07255,0.019599,3.868353,0.01853,6e-05,3e-05,3.979152,3.79616
3840,2160,1919,1079,native,resident,2,36,0,3e-05,0.068589,0.01966,3.890283,0.018,4e-05,3e-05,3.996632,3.80104
3840,2160,1919,1079,native,resident,2,37,1,3e-05,0.068749,0.01808,3.877242,0.02199,5e-05,4e-05,3.986181,3.80128
3840,2160,1919,1079,native,resident,2,38,0,4e-05,0.074179,0.02083,3.877742,0.01892,5e-05,4e-05,3.991801,3.79576
3840,2160,1919,1079,native,resident,2,39,1,3e-05,0.072619,0.02063,3.884203,0.01759,5e-05,3e-05,3.995152,3.80732
3840,2160,1919,1079,ogpu,resident,2,10,0,3e-05,0.00195,0.087499,3.788943,0.02226,0.00026,4e-05,3.900982,3.71416
3840,2160,1919,1079,ogpu,resident,2,11,1,3e-05,0.00186,0.086959,3.807874,0.023059,0.0003,3e-05,3.920112,3.72824
3840,2160,1919,1079,ogpu,resident,2,12,0,3e-05,0.00213,0.089269,3.819903,0.02257,0.00026,3e-05,3.934192,3.74636
3840,2160,1919,1079,ogpu,resident,2,13,1,3e-05,0.00187,0.087839,3.841253,0.02149,0.00023,3e-05,3.952742,3.76336
3840,2160,1919,1079,ogpu,resident,2,14,0,4e-05,0.00193,0.087729,3.842653,0.02222,0.00019,3e-05,3.954792,3.76744
3840,2160,1919,1079,ogpu,resident,2,15,1,4e-05,0.00185,0.086629,3.861773,0.021409,0.00025,3e-05,3.971981,3.785
3840,2160,1919,1079,ogpu,resident,2,16,0,3e-05,0.0018,0.0877,3.856842,0.02151,0.00026,3e-05,3.968172,3.78076
3840,2160,1919,1079,ogpu,resident,2,17,1,4e-05,0.00187,0.087859,3.859763,0.02164,0.00022,4e-05,3.971432,3.78004
3840,2160,1919,1079,ogpu,resident,2,18,0,3e-05,0.00185,0.092269,3.860092,0.02206,0.00017,3e-05,3.976501,3.78004
3840,2160,1919,1079,ogpu,resident,2,19,1,3e-05,0.00186,0.090829,3.867053,0.02215,0.0002,4e-05,3.982162,3.78112
3840,2160,1919,1079,ogpu,resident,2,20,0,3e-05,0.00194,0.089279,3.874252,0.02273,0.00027,3e-05,3.988531,3.7798
3840,2160,1919,1079,ogpu,resident,2,21,1,4e-05,0.00205,0.088189,3.873373,0.02176,0.00026,3e-05,3.985702,3.79204
3840,2160,1919,1079,ogpu,resident,2,22,0,3e-05,0.00189,0.086829,3.862212,0.02622,0.00025,3e-05,3.977461,3.78476
3840,2160,1919,1079,ogpu,resident,2,23,1,3e-05,0.00196,0.087049,3.873083,0.02201,0.00028,4e-05,3.984452,3.78388
3840,2160,1919,1079,ogpu,resident,2,24,0,3e-05,0.00191,0.102829,3.866662,0.02664,0.00025,3e-05,3.998351,3.78932
3840,2160,1919,1079,ogpu,resident,2,25,1,3e-05,0.00194,0.092849,3.867193,0.02217,0.00025,3e-05,3.984462,3.78576
3840,2160,1919,1079,ogpu,resident,2,26,0,4e-05,0.00199,0.097769,3.861432,0.02155,0.0002,3e-05,3.983011,3.7854
3840,2160,1919,1079,ogpu,resident,2,27,1,3e-05,0.00186,0.155168,3.865533,0.03085,0.00066,4e-05,4.054141,3.7736
3840,2160,1919,1079,ogpu,resident,2,28,0,3e-05,0.00402,0.112489,3.859382,0.02233,0.00027,3e-05,3.998551,3.77648
3840,2160,1919,1079,ogpu,resident,2,29,1,3e-05,0.00221,0.095929,3.882953,0.02591,0.00034,3e-05,4.007402,3.79716
3840,2160,1919,1079,ogpu,resident,2,30,0,4e-05,0.00229,0.103229,3.870442,0.02348,0.00031,3e-05,3.999821,3.78508
3840,2160,1919,1079,ogpu,resident,2,31,1,3e-05,0.00214,0.094859,3.866372,0.01675,0.0002,3e-05,3.980381,3.7882
3840,2160,1919,1079,ogpu,resident,2,32,0,3e-05,0.00195,0.097859,3.870143,0.01693,0.00028,4e-05,3.987232,3.78936
3840,2160,1919,1079,ogpu,resident,2,33,1,3e-05,0.00208,0.099699,3.878082,0.01818,0.00028,3e-05,3.998381,3.79548
3840,2160,1919,1079,ogpu,resident,2,34,0,3e-05,0.00223,0.103189,3.880022,0.02462,0.00035,3e-05,4.010471,3.78236
3840,2160,1919,1079,ogpu,resident,2,35,1,4e-05,0.00278,0.125909,3.862063,0.02752,0.00032,3.9e-05,4.018671,3.77784
3840,2160,1919,1079,ogpu,resident,2,36,0,5e-05,0.00284,0.112739,3.881913,0.02226,0.00033,3e-05,4.020162,3.7846
3840,2160,1919,1079,ogpu,resident,2,37,1,3e-05,0.00225,0.097019,3.867493,0.023499,0.00028,3e-05,3.990601,3.78852
3840,2160,1919,1079,ogpu,resident,2,38,0,4e-05,0.00268,0.124379,3.876872,0.01795,0.0003,3e-05,4.022251,3.78108
3840,2160,1919,1079,ogpu,resident,2,39,1,4e-05,0.00211,0.090419,3.861373,0.02176,0.00026,4e-05,3.976002,3.78876
3840,2160,1919,1079,ogpu,end-to-end,2,10,0,1.691674,0.00259,0.097959,9.702676,0.017,0.00028,0.499315,12.011494,9.551
3840,2160,1919,1079,ogpu,end-to-end,2,11,1,1.658174,0.00247,0.094309,9.794695,0.01759,0.00028,0.482155,12.049673,9.5528
3840,2160,1919,1079,ogpu,end-to-end,2,12,0,1.653014,0.00259,0.094629,9.794636,0.02697,0.00025,0.468895,12.040984,9.55008
3840,2160,1919,1079,ogpu,end-to-end,2,13,1,1.631164,0.00229,0.094189,9.823695,0.01913,0.00028,0.460646,12.031394,9.55504
3840,2160,1919,1079,ogpu,end-to-end,2,14,0,1.668134,0.0025,0.096479,9.708416,0.027459,0.00032,0.479796,11.983104,9.55484
3840,2160,1919,1079,ogpu,end-to-end,2,15,1,1.638914,0.00245,0.095899,9.803915,0.0196,0.00027,0.457156,12.018204,9.5584
3840,2160,1919,1079,ogpu,end-to-end,2,16,0,1.651484,0.0024,0.092919,9.704146,0.01765,0.00029,0.455395,11.924284,9.5572
3840,2160,1919,1079,ogpu,end-to-end,2,17,1,1.635025,0.00226,0.092089,9.699106,0.01795,0.00027,0.451205,11.897905,9.56104
3840,2160,1919,1079,ogpu,end-to-end,2,18,0,1.682774,0.0027,0.094399,9.695816,0.01726,0.00029,0.453376,11.946615,9.55736
3840,2160,1919,1079,ogpu,end-to-end,2,19,1,1.658224,0.00246,0.097269,9.678126,0.01929,0.00029,0.449636,11.905295,9.55436
3840,2160,1919,1079,ogpu,end-to-end,2,20,0,1.663804,0.00266,0.092719,9.797755,0.01757,0.00027,0.448466,12.023244,9.55204
3840,2160,1919,1079,ogpu,end-to-end,2,21,1,1.628154,0.00252,0.093939,9.684296,0.018,0.00028,0.442936,11.870125,9.55556
3840,2160,1919,1079,ogpu,end-to-end,2,22,0,1.664824,0.0025,0.106169,9.673026,0.01801,0.00028,0.431166,11.895975,9.5534
3840,2160,1919,1079,ogpu,end-to-end,2,23,1,1.690023,0.003,0.102709,9.682147,0.01804,0.0003,0.435715,11.931934,9.55348
3840,2160,1919,1079,ogpu,end-to-end,2,24,0,1.695354,0.0026,0.095659,9.692257,0.017149,0.0003,0.470506,11.973825,9.55368
3840,2160,1919,1079,ogpu,end-to-end,2,25,1,1.770633,0.003169,0.09817,9.693856,0.01895,0.00033,0.485145,12.070253,9.56084
3840,2160,1919,1079,ogpu,end-to-end,2,26,0,1.718264,0.00352,0.103579,9.681146,0.01776,0.00028,0.473305,11.997854,9.5522
3840,2160,1919,1079,ogpu,end-to-end,2,27,1,1.709354,0.00274,0.095479,9.682406,0.01803,0.00031,0.465825,11.974144,9.55252
3840,2160,1919,1079,ogpu,end-to-end,2,28,0,1.691754,0.00248,0.093309,9.688266,0.01786,0.00026,0.457846,11.951775,9.55076
3840,2160,1919,1079,ogpu,end-to-end,2,29,1,1.662444,0.00273,0.092499,9.692396,0.02262,0.0004,0.447586,11.920675,9.55928
3840,2160,1919,1079,ogpu,end-to-end,2,30,0,1.696143,0.00256,0.094419,9.786126,0.01732,0.00029,0.438205,12.035063,9.55128
3840,2160,1919,1079,ogpu,end-to-end,2,31,1,1.682654,0.00258,0.093299,9.685537,0.019289,0.00028,0.443986,11.927625,9.55244
3840,2160,1919,1079,ogpu,end-to-end,2,32,0,1.706984,0.00271,0.102749,9.688176,0.01637,0.00025,0.415645,11.932884,9.55428
3840,2160,1919,1079,ogpu,end-to-end,2,33,1,1.640665,0.00274,0.099059,9.706856,0.01775,0.00029,0.472575,11.939935,9.56056
3840,2160,1919,1079,ogpu,end-to-end,2,34,0,1.665544,0.00266,0.102989,9.693436,0.0218,0.00035,0.437756,11.924535,9.55156
3840,2160,1919,1079,ogpu,end-to-end,2,35,1,1.714233,0.00298,0.100089,9.644057,0.01787,0.00028,0.438986,11.918495,9.552
3840,2160,1919,1079,ogpu,end-to-end,2,36,0,1.685734,0.00301,0.097499,9.682986,0.01769,0.0003,0.456675,11.943894,9.55228
3840,2160,1919,1079,ogpu,end-to-end,2,37,1,1.687784,0.00276,0.094259,9.633477,0.01769,0.0003,0.430816,11.867086,9.55404
3840,2160,1919,1079,ogpu,end-to-end,2,38,0,1.666303,0.00284,0.104049,9.673507,0.01709,0.00032,0.430685,11.894794,9.55444
3840,2160,1919,1079,ogpu,end-to-end,2,39,1,1.671904,0.0027,0.097279,9.686077,0.01879,0.00032,0.440026,11.917096,9.55104
3840,2160,1919,1079,native,end-to-end,2,10,0,1.690964,0.080349,0.02167,9.755815,0.02187,8e-05,0.485405,12.056153,9.55032
3840,2160,1919,1079,native,end-to-end,2,11,1,2.320368,0.091139,0.02076,9.653757,0.023889,6e-05,0.503816,12.613789,9.55332
3840,2160,1919,1079,native,end-to-end,2,12,0,1.687743,0.082859,0.02101,9.755256,0.0211,5e-05,0.519295,12.087313,9.55308
3840,2160,1919,1079,native,end-to-end,2,13,1,1.711923,0.078879,0.02124,9.752866,0.01969,3e-05,0.463475,12.048103,9.5506
3840,2160,1919,1079,native,end-to-end,2,14,0,1.663504,0.079959,0.02074,9.753396,0.02147,5e-05,0.492045,12.031164,9.54932
3840,2160,1919,1079,native,end-to-end,2,15,1,1.704864,0.084319,0.02005,9.755635,0.02106,5e-05,0.472495,12.058473,9.55744
3840,2160,1919,1079,native,end-to-end,2,16,0,1.670264,0.08355,0.020319,9.751476,0.02473,6e-05,0.610524,12.160923,9.55236
3840,2160,1919,1079,native,end-to-end,2,17,1,1.703603,0.08182,0.019509,9.770716,0.02262,0.00037,0.447295,12.045933,9.55232
3840,2160,1919,1079,native,end-to-end,2,18,0,1.646464,0.07598,0.01996,9.769725,0.02083,4e-05,0.440336,11.973335,9.55356
3840,2160,1919,1079,native,end-to-end,2,19,1,1.714693,0.076699,0.01896,9.763166,0.02046,5e-05,0.446655,12.040683,9.5582
3840,2160,1919,1079,native,end-to-end,2,20,0,1.889582,0.083919,0.02061,9.760626,0.022979,5e-05,0.439186,12.216952,9.55288
3840,2160,1919,1079,native,end-to-end,2,21,1,1.726173,0.08056,0.020529,9.744876,0.02007,4e-05,0.433336,12.025584,9.55052
3840,2160,1919,1079,native,end-to-end,2,22,0,2.04782,0.088389,0.01942,9.648357,0.0234,6e-05,0.443545,12.270991,9.55408
3840,2160,1919,1079,native,end-to-end,2,23,1,1.716234,0.080709,0.01961,9.747636,0.020669,4e-05,0.435796,12.020694,9.5536
3840,2160,1919,1079,native,end-to-end,2,24,0,1.629764,0.07642,0.020089,9.763966,0.02436,7e-05,0.475685,11.990354,9.55268
3840,2160,1919,1079,native,end-to-end,2,25,1,1.836982,0.087439,0.0198,9.803576,0.0252,6e-05,0.479835,12.252892,9.55824
3840,2160,1919,1079,native,end-to-end,2,26,0,1.715023,0.08006,0.020079,9.810245,0.02187,6e-05,0.473616,12.120953,9.55308
3840,2160,1919,1079,native,end-to-end,2,27,1,1.742243,0.075409,0.01999,9.824315,0.02232,6e-05,0.458395,12.142732,9.5578
3840,2160,1919,1079,native,end-to-end,2,28,0,1.909282,0.085529,0.0201,9.686756,0.02342,7e-05,0.448696,12.173853,9.55308
3840,2160,1919,1079,native,end-to-end,2,29,1,1.730303,0.080889,0.02028,9.790115,0.02198,6e-05,0.443706,12.087333,9.5518
3840,2160,1919,1079,native,end-to-end,2,30,0,1.693413,0.07703,0.019239,9.794166,0.0206,5e-05,0.439595,12.044093,9.55344
3840,2160,1919,1079,native,end-to-end,2,31,1,1.853362,0.08292,0.020429,9.687757,0.022879,6e-05,0.420486,12.087893,9.55892
3840,2160,1919,1079,native,end-to-end,2,32,0,1.672674,0.077549,0.0198,9.796416,0.020079,6e-05,0.444406,12.030984,9.55424
3840,2160,1919,1079,native,end-to-end,2,33,1,2.08025,0.083449,0.02049,9.795235,0.02078,6e-05,0.437206,12.43747,9.55168
3840,2160,1919,1079,native,end-to-end,2,34,0,1.701394,0.080919,0.0197,9.804005,0.018439,6e-05,0.428636,12.053153,9.54868
3840,2160,1919,1079,native,end-to-end,2,35,1,1.674044,0.076939,0.01971,9.766526,0.024599,5e-05,0.428606,11.990474,9.5604
3840,2160,1919,1079,native,end-to-end,2,36,0,1.892482,0.085179,0.02186,9.685897,0.023549,5e-05,0.417136,12.126153,9.55244
3840,2160,1919,1079,native,end-to-end,2,37,1,1.684394,0.080749,0.01985,9.795635,0.02115,6e-05,0.412946,12.014784,9.55604
3840,2160,1919,1079,native,end-to-end,2,38,0,1.659424,0.075489,0.01987,9.797765,0.02079,6e-05,0.420606,11.994004,9.55416
3840,2160,1919,1079,native,end-to-end,2,39,1,1.805443,0.080879,0.02062,9.831455,0.021009,6e-05,0.424496,12.183962,9.5582
1919,1079,2561,1441,ogpu,resident,2,10,0,4e-05,0.00216,0.081459,1.308068,0.021319,0.00035,3e-05,1.413426,1.2224
1919,1079,2561,1441,ogpu,resident,2,11,1,4e-05,0.00209,0.111349,1.295938,0.026949,0.00025,2e-05,1.436636,1.222
1919,1079,2561,1441,ogpu,resident,2,12,0,3e-05,0.00238,0.09157,1.300227,0.02031,0.00029,3e-05,1.414837,1.22204
1919,1079,2561,1441,ogpu,resident,2,13,1,3e-05,0.00238,0.090879,1.295117,0.01594,0.00023,2e-05,1.404596,1.22192
1919,1079,2561,1441,ogpu,resident,2,14,0,3e-05,0.00167,0.095029,1.294608,0.01667,0.00022,3e-05,1.408257,1.22012
1919,1079,2561,1441,ogpu,resident,2,15,1,3e-05,0.00227,0.093539,1.299827,0.02056,0.00026,3e-05,1.416516,1.21968
1919,1079,2561,1441,ogpu,resident,2,16,0,3e-05,0.0021,0.113749,1.295197,0.01935,0.00029,3e-05,1.430746,1.21956
1919,1079,2561,1441,ogpu,resident,2,17,1,4e-05,0.00206,0.082099,1.292908,0.01641,0.00021,3e-05,1.393757,1.2196
1919,1079,2561,1441,ogpu,resident,2,18,0,2e-05,0.00235,0.107009,1.293647,0.01888,0.00025,2e-05,1.422176,1.22
1919,1079,2561,1441,ogpu,resident,2,19,1,0.00012,0.00215,0.102429,1.317917,0.0184,0.0003,2e-05,1.441336,1.2272
1919,1079,2561,1441,ogpu,resident,2,20,0,3e-05,0.00222,0.093579,1.294328,0.018939,0.00027,3e-05,1.409396,1.22036
1919,1079,2561,1441,ogpu,resident,2,21,1,4e-05,0.00238,0.08204,1.294467,0.01881,0.00029,3e-05,1.398057,1.21928
1919,1079,2561,1441,ogpu,resident,2,22,0,4e-05,0.00205,0.081129,1.294208,0.016749,0.00024,3e-05,1.394446,1.21976
1919,1079,2561,1441,ogpu,resident,2,23,1,3e-05,0.00196,0.087249,1.310568,0.02014,0.00027,3e-05,1.420247,1.21992
1919,1079,2561,1441,ogpu,resident,2,24,0,3e-05,0.00239,0.097689,1.289717,0.01469,0.00019,3e-05,1.404736,1.21984
1919,1079,2561,1441,ogpu,resident,2,25,1,3e-05,0.00166,0.075979,1.283748,0.01357,0.00021,3e-05,1.375227,1.21892
1919,1079,2561,1441,ogpu,resident,2,26,0,3e-05,0.00166,0.072459,1.331127,0.01686,0.00024,3e-05,1.422406,1.22068
1919,1079,2561,1441,ogpu,resident,2,27,1,4e-05,0.00188,0.086849,1.298808,0.017949,0.00024,4e-05,1.405806,1.2216
1919,1079,2561,1441,ogpu,resident,2,28,0,4e-05,0.00207,0.091789,1.292008,0.0145,0.00022,3e-05,1.400657,1.21928
1919,1079,2561,1441,ogpu,resident,2,29,1,3e-05,0.00154,0.081959,1.297787,0.01676,0.00027,3e-05,1.398376,1.22
1919,1079,2561,1441,ogpu,resident,2,30,0,4e-05,0.00198,0.087709,1.288698,0.01426,0.00021,2e-05,1.392917,1.22088
1919,1079,2561,1441,ogpu,resident,2,31,1,3e-05,0.00152,0.076319,1.329877,0.01825,0.00026,3e-05,1.426286,1.22124
1919,1079,2561,1441,ogpu,resident,2,32,0,3e-05,0.00203,0.090219,1.293358,0.594994,0.00028,4e-05,1.980951,1.21932
1919,1079,2561,1441,ogpu,resident,2,33,1,3e-05,0.00195,0.088869,1.295568,0.016589,0.00021,3e-05,1.403246,1.22044
1919,1079,2561,1441,ogpu,resident,2,34,0,4e-05,0.00184,0.08582,1.292397,0.01514,0.00023,3e-05,1.395497,1.22056
1919,1079,2561,1441,ogpu,resident,2,35,1,3e-05,0.00191,0.087829,1.306367,0.0143,0.00022,3e-05,1.410686,1.22176
1919,1079,2561,1441,ogpu,resident,2,36,0,2e-05,0.0016,0.075209,1.295648,0.017,0.00024,3e-05,1.389747,1.22128
1919,1079,2561,1441,ogpu,resident,2,37,1,3e-05,0.00194,0.089419,1.288617,0.01486,0.00021,2e-05,1.395096,1.2202
1919,1079,2561,1441,ogpu,resident,2,38,0,3e-05,0.00164,0.075169,1.329378,0.01752,0.00028,4e-05,1.424057,1.22096
1919,1079,2561,1441,ogpu,resident,2,39,1,8e-05,0.00214,0.091589,1.286147,0.02052,0.00029,2e-05,1.400786,1.21936
1919,1079,2561,1441,native,resident,2,10,0,3e-05,0.05708,0.0154,1.301697,0.01693,4e-05,4e-05,1.391217,1.2206
1919,1079,2561,1441,native,resident,2,11,1,3e-05,0.073499,0.02056,1.305047,0.0136,3e-05,3e-05,1.412796,1.22256
1919,1079,2561,1441,native,resident,2,12,0,3e-05,0.05786,0.01582,1.305267,0.01635,4e-05,3e-05,1.395397,1.22136
1919,1079,2561,1441,native,resident,2,13,1,4e-05,0.068919,0.02067,1.319877,0.01467,4e-05,2e-05,1.424236,1.22208
1919,1079,2561,1441,native,resident,2,14,0,3e-05,0.06032,0.016639,1.290538,0.01501,4e-05,3e-05,1.382607,1.21988
1919,1079,2561,1441,native,resident,2,15,1,3e-05,0.060229,0.01578,1.296257,0.01586,3e-05,3e-05,1.388216,1.2196
1919,1079,2561,1441,native,resident,2,16,0,3e-05,0.06674,0.017799,1.284118,0.01228,3e-05,3e-05,1.381027,1.21964
1919,1079,2561,1441,native,resident,2,17,1,3e-05,0.054469,0.015,1.333287,0.02117,8e-05,3e-05,1.424066,1.22
1919,1079,2561,1441,native,resident,2,18,0,3e-05,0.086829,0.01935,1.293958,0.01369,4e-05,3e-05,1.413927,1.22152
1919,1079,2561,1441,native,resident,2,19,1,2e-05,0.060949,0.01809,1.296027,0.01609,4e-05,3e-05,1.391246,1.22128
1919,1079,2561,1441,native,resident,2,20,0,3e-05,0.064919,0.01964,1.310618,0.0154,4e-05,3e-05,1.410677,1.22136
1919,1079,2561,1441,native,resident,2,21,1,3e-05,0.066889,0.01787,1.287157,0.0145,4e-05,2e-05,1.386506,1.21952
1919,1079,2561,1441,native,resident,2,22,0,2e-05,0.061019,0.01612,1.291868,0.01444,4e-05,2e-05,1.383527,1.22032
1919,1079,2561,1441,native,resident,2,23,1,3e-05,0.058909,0.01698,1.326127,0.01522,3e-05,3e-05,1.417326,1.2188
1919,1079,2561,1441,native,resident,2,24,0,3e-05,0.067729,0.01777,1.285728,0.01422,3e-05,2e-05,1.385527,1.21956
1919,1079,2561,1441,native,resident,2,25,1,3e-05,0.056589,0.01497,1.297707,0.01672,5e-05,3e-05,1.386096,1.22112
1919,1079,2561,1441,native,resident,2,26,0,4e-05,0.07163,0.019109,1.289498,0.01392,3e-05,3e-05,1.394257,1.221
1919,1079,2561,1441,native,resident,2,27,1,3e-05,0.056219,0.01645,1.330097,0.01664,4e-05,3e-05,1.419506,1.2196
1919,1079,2561,1441,native,resident,2,28,0,3e-05,0.066809,0.01776,1.289948,0.01497,3e-05,3e-05,1.389577,1.22024
1919,1079,2561,1441,native,resident,2,29,1,3e-05,0.077929,0.02704,1.286797,0.01431,4e-05,3e-05,1.406176,1.21944
1919,1079,2561,1441,native,resident,2,30,0,3e-05,0.060209,0.01628,1.294498,0.01301,4e-05,2e-05,1.384087,1.22088
1919,1079,2561,1441,native,resident,2,31,1,3e-05,0.063889,0.02002,1.286097,0.01373,3e-05,3e-05,1.383826,1.21872
1919,1079,2561,1441,native,resident,2,32,0,3e-05,0.055449,0.01767,1.331488,0.016089,4e-05,3e-05,1.420796,1.21984
1919,1079,2561,1441,native,resident,2,33,1,3e-05,0.06958,0.01893,1.302027,0.01428,5e-05,2e-05,1.404917,1.22904
1919,1079,2561,1441,native,resident,2,34,0,3e-05,0.060429,0.01818,1.319827,0.01455,4e-05,2e-05,1.413076,1.22088
1919,1079,2561,1441,native,resident,2,35,1,3e-05,0.06181,0.016939,1.290338,0.01383,3e-05,3e-05,1.383007,1.2206
1919,1079,2561,1441,native,resident,2,36,0,2e-05,0.066419,0.01883,1.288768,0.01405,4e-05,2e-05,1.388147,1.2208
1919,1079,2561,1441,native,resident,2,37,1,3e-05,0.058689,0.01625,1.291187,0.01441,4e-05,3e-05,1.380636,1.22044
1919,1079,2561,1441,native,resident,2,38,0,2e-05,0.059269,0.0187,1.321428,0.016099,5e-05,3e-05,1.415596,1.21952
1919,1079,2561,1441,native,resident,2,39,1,3e-05,0.068,0.01872,1.291297,0.01286,3e-05,3e-05,1.390967,1.21832
1919,1079,2561,1441,native,end-to-end,2,10,0,0.349107,0.074129,0.01925,4.791824,0.017909,5e-05,0.880422,6.132691,4.65872
1919,1079,2561,1441,native,end-to-end,2,11,1,0.307487,0.076499,0.01913,4.928563,0.016769,4e-05,0.880722,6.22921,4.68688
1919,1079,2561,1441,native,end-to-end,2,12,0,0.351776,0.07623,0.018289,4.841944,0.017569,5e-05,0.830953,6.136811,4.70268
1919,1079,2561,1441,native,end-to-end,2,13,1,0.328146,0.07738,0.01863,4.898882,0.01715,5e-05,0.850582,6.19082,4.6564
1919,1079,2561,1441,native,end-to-end,2,14,0,0.361786,0.086879,0.02195,4.775424,0.01795,5e-05,0.822582,6.086621,4.65268
1919,1079,2561,1441,native,end-to-end,2,15,1,0.319097,0.077059,0.01847,4.773364,0.017199,5e-05,0.817962,6.023201,4.64524
1919,1079,2561,1441,native,end-to-end,2,16,0,0.357837,0.077529,0.01838,4.883353,0.0174,4e-05,0.805942,6.160481,4.6484
1919,1079,2561,1441,native,end-to-end,2,17,1,0.322627,0.072339,0.01833,4.785374,0.01597,5e-05,0.793062,6.007752,4.65712
1919,1079,2561,1441,native,end-to-end,2,18,0,0.359767,0.082489,0.01786,4.792233,0.01721,4e-05,0.853252,6.122851,4.66076
1919,1079,2561,1441,native,end-to-end,2,19,1,0.333407,0.094399,0.02202,4.809263,0.02013,6e-05,0.827452,6.106731,4.68792
1919,1079,2561,1441,native,end-to-end,2,20,0,0.360406,0.103719,0.02371,4.823194,0.019639,4e-05,0.817862,6.14857,4.7034
1919,1079,2561,1441,native,end-to-end,2,21,1,0.354077,0.083569,0.02136,4.917042,0.01849,4e-05,0.800073,6.194651,4.68432
1919,1079,2561,1441,native,end-to-end,2,22,0,0.377446,0.079679,0.02064,4.780204,0.01773,5e-05,0.782202,6.057951,4.65444
1919,1079,2561,1441,native,end-to-end,2,23,1,0.341027,0.075159,0.01888,4.785093,0.01774,5e-05,0.767153,6.005102,4.65372
1919,1079,2561,1441,native,end-to-end,2,24,0,0.412976,0.101529,0.0236,4.850673,0.01699,5e-05,0.792242,6.19806,4.65436
1919,1079,2561,1441,native,end-to-end,2,25,1,0.380596,0.078019,0.01957,4.778124,0.01682,4e-05,0.820022,6.093191,4.64804
1919,1079,2561,1441,native,end-to-end,2,26,0,0.368406,0.07878,0.019749,4.800124,0.01903,6e-05,0.786372,6.072521,4.66496
1919,1079,2561,1441,native,end-to-end,2,27,1,0.345997,0.074699,0.01914,4.798874,0.017559,4e-05,0.772013,6.028322,4.66756
1919,1079,2561,1441,native,end-to-end,2,28,0,0.358877,0.071279,0.01808,4.800063,0.01664,5e-05,0.771503,6.036492,4.6678
1919,1079,2561,1441,native,end-to-end,2,29,1,0.338046,0.07511,0.019189,4.799704,0.01657,5e-05,0.787942,6.036611,4.66588
1919,1079,2561,1441,native,end-to-end,2,30,0,0.360447,0.073879,0.01909,4.805654,0.015879,5e-05,0.771713,6.046712,4.67756
1919,1079,2561,1441,native,end-to-end,2,31,1,0.338977,0.073049,0.01839,4.826073,0.0165,4e-05,0.762333,6.035362,4.69416
1919,1079,2561,1441,native,end-to-end,2,32,0,0.358116,0.076029,0.01971,4.830923,0.01659,4e-05,0.791703,6.093111,4.69596
1919,1079,2561,1441,native,end-to-end,2,33,1,0.337576,0.08632,0.019499,4.814404,0.01674,4e-05,0.768022,6.042601,4.6942
1919,1079,2561,1441,native,end-to-end,2,34,0,0.358777,0.074519,0.01903,4.836333,0.01726,5e-05,0.797202,6.103171,4.70004
1919,1079,2561,1441,native,end-to-end,2,35,1,0.379547,0.078099,0.02,4.749524,0.017039,5e-05,0.785763,6.030022,4.66644
1919,1079,2561,1441,native,end-to-end,2,36,0,0.368837,0.072999,0.02043,4.792143,0.01754,4e-05,0.772182,6.044171,4.65336
1919,1079,2561,1441,native,end-to-end,2,37,1,0.358027,0.075929,0.01893,4.790284,0.01701,4e-05,0.761512,6.021732,4.65848
1919,1079,2561,1441,native,end-to-end,2,38,0,0.368337,0.073499,0.01951,4.796043,0.01794,5e-05,0.794112,6.069491,4.66096
1919,1079,2561,1441,native,end-to-end,2,39,1,0.373397,0.078889,0.01965,4.790374,0.01701,5e-05,0.843071,6.122441,4.65616
1919,1079,2561,1441,ogpu,end-to-end,2,10,0,0.697733,0.00333,0.113269,4.925723,0.026039,0.00049,1.278278,7.044862,4.69924
1919,1079,2561,1441,ogpu,end-to-end,2,11,1,0.683394,0.003789,0.167029,4.851513,0.02812,0.00058,1.01252,6.746945,4.69116
1919,1079,2561,1441,ogpu,end-to-end,2,12,0,0.376486,0.00252,0.104139,4.879233,0.01914,0.00039,0.949241,6.331149,4.64208
1919,1079,2561,1441,ogpu,end-to-end,2,13,1,0.312386,0.0026,0.102869,4.876104,0.016769,0.00037,0.938341,6.249439,4.65172
1919,1079,2561,1441,ogpu,end-to-end,2,14,0,0.386146,0.00266,0.134819,4.795944,0.018559,0.00035,0.922642,6.26112,4.69928
1919,1079,2561,1441,ogpu,end-to-end,2,15,1,0.320207,0.00256,0.100789,4.788173,0.01732,0.00045,0.924551,6.15405,4.65432
1919,1079,2561,1441,ogpu,end-to-end,2,16,0,0.373607,0.00268,0.101359,4.781423,0.01896,0.00028,0.937591,6.2159,4.65308
1919,1079,2561,1441,ogpu,end-to-end,2,17,1,0.395346,0.00302,0.133109,4.859243,0.0188,0.00024,0.902601,6.312359,4.65088
1919,1079,2561,1441,ogpu,end-to-end,2,18,0,0.369067,0.002489,0.102859,4.914563,0.01528,0.00021,0.863281,6.267749,4.6864
1919,1079,2561,1441,ogpu,end-to-end,2,19,1,0.332247,0.00236,0.096229,4.787164,0.0183,0.00028,0.851092,6.087672,4.65412
1919,1079,2561,1441,ogpu,end-to-end,2,20,0,0.365816,0.00233,0.094719,4.772524,0.01793,0.00029,0.838892,6.092501,4.6402
1919,1079,2561,1441,ogpu,end-to-end,2,21,1,0.316907,0.00236,0.095559,4.798763,0.01811,0.00029,0.862142,6.094131,4.6516
1919,1079,2561,1441,ogpu,end-to-end,2,22,0,0.382116,0.00289,0.101719,4.771394,0.01827,0.00022,0.873241,6.14985,4.6438
1919,1079,2561,1441,ogpu,end-to-end,2,23,1,0.400556,0.00314,0.136739,5.409108,0.0226,0.00026,0.842061,6.814464,4.65292
1919,1079,2561,1441,ogpu,end-to-end,2,24,0,0.364717,0.00242,0.096239,4.813863,0.01593,0.00025,0.831742,6.125161,4.68052
1919,1079,2561,1441,ogpu,end-to-end,2,25,1,0.334047,0.00231,0.095909,4.763574,0.01584,0.00022,0.833242,6.045142,4.63676
1919,1079,2561,1441,ogpu,end-to-end,2,26,0,0.364436,0.00254,0.094999,4.780994,0.01824,0.00026,0.904291,6.16576,4.643
1919,1079,2561,1441,ogpu,end-to-end,2,27,1,0.343077,0.00264,0.099279,4.790133,0.0182,0.00029,0.842792,6.096411,4.6628
1919,1079,2561,1441,ogpu,end-to-end,2,28,0,0.369277,0.00239,0.096619,4.819393,0.0188,0.00026,0.832692,6.139431,4.68748
1919,1079,2561,1441,ogpu,end-to-end,2,29,1,0.356306,0.00253,0.098409,4.827184,0.01861,0.00025,0.907761,6.21105,4.6942
1919,1079,2561,1441,ogpu,end-to-end,2,30,0,0.402546,0.00299,0.101189,4.786214,0.017499,0.00023,0.857582,6.16825,4.65468
1919,1079,2561,1441,ogpu,end-to-end,2,31,1,0.369707,0.00233,0.095829,4.782894,0.018579,0.00027,0.879282,6.148891,4.64428
1919,1079,2561,1441,ogpu,end-to-end,2,32,0,0.403646,0.00285,0.096939,4.785464,0.01713,0.00025,0.848931,6.15521,4.65056
1919,1079,2561,1441,ogpu,end-to-end,2,33,1,0.366817,0.00213,0.094639,4.798544,0.017419,0.00027,0.856612,6.136431,4.65404
1919,1079,2561,1441,ogpu,end-to-end,2,34,0,0.393416,0.00278,0.100269,4.915253,0.017869,0.00025,0.831113,6.26095,4.6804
1919,1079,2561,1441,ogpu,end-to-end,2,35,1,0.426736,0.003709,0.138499,4.775644,0.01952,0.00032,0.824492,6.18892,4.6732
1919,1079,2561,1441,ogpu,end-to-end,2,36,0,0.384926,0.00257,0.101449,4.880493,0.01755,0.000259,0.814173,6.20142,4.64456
1919,1079,2561,1441,ogpu,end-to-end,2,37,1,0.339786,0.00277,0.115629,4.765894,0.01823,0.00027,0.854742,6.097321,4.64172
1919,1079,2561,1441,ogpu,end-to-end,2,38,0,0.397926,0.00313,0.108109,4.724054,0.0169,0.00024,0.825382,6.075741,4.64572
1919,1079,2561,1441,ogpu,end-to-end,2,39,1,0.367977,0.00283,0.103029,4.782803,0.01831,0.00029,0.818342,6.093581,4.64796
